District,State/UT,Sex_Ratio,Electricity,Drinking_Water,Clean_Fuel,Women_Education,Child_Marriage,Institutional_Births,Fully_Vaccinated_Child,Adequate_Diet,Stunted_Children,Underweight_Children,Women_Low_BMI,Anaemic_Children,Anaemic_Women,Cervical_Screening,Breast_Screening,Oral_Screening
Nicobars,Andaman & Nicobar Islands,973,97.9,98.8,56.9,53.5,11.4,97.8,64.2,18.7,21.6,24.6,8.2,37.7,38.3,13.4,13.2,5.4
South Andaman ,Andaman & Nicobar Islands,967,99.6,97.9,91.9,57.5,17.1,99.5,76.3,23.5,21.1,17.4,10.0,43.4,57.7,1.3,0.7,8.0
Srikakulam ,Andhra Pradesh,1140,99.9,87.7,74.7,42.5,25.4,97.9,82.8,16.1,19.7,21.4,13.8,59.6,62.6,1.0,0.2,3.8
Vizianagaram ,Andhra Pradesh,1114,99.5,93.1,60.3,37.6,33.7,99.0,76.8,1.8,36.4,32.2,16.9,66.7,64.0,4.9,0.6,7.3
Visakhapatnam ,Andhra Pradesh,1066,99.6,91.8,72.9,46.0,25.4,95.3,76.5,11.8,31.0,33.5,17.4,72.6,58.0,1.7,0.7,4.1
East Godavari ,Andhra Pradesh,995,98.8,97.9,80.3,43.2,26.0,96.6,59.0,10.2,23.1,22.4,10.2,66.8,63.0,1.9,1.0,4.8
West Godavari ,Andhra Pradesh,999,99.3,99.1,86.8,46.5,22.1,98.7,80.0,3.5,31.4,22.5,10.1,62.3,63.0,7.1,1.8,13.1
Krishna ,Andhra Pradesh,1064,99.6,94.4,89.8,46.2,25.3,98.9,90.0,23.4,29.8,21.1,10.5,65.7,60.3,5.4,2.1,12.3
Guntur ,Andhra Pradesh,1055,99.2,99.3,91.7,32.6,35.4,98.6,76.2,11.2,23.8,26.9,9.6,59.3,59.5,6.5,0.2,14.6
Prakasam ,Andhra Pradesh,1011,99.3,98.6,90.8,34.5,37.3,97.4,51.9,13.4,22.6,24.7,14.4,62.6,60.4,4.1,0.2,10.0
Sri Potti Sriramulu Nello ,Andhra Pradesh,1049,99.1,95.6,84.6,38.7,23.8,97.0,65.3,6.9,29.2,27.8,15.2,67.5,59.4,10.2,0.8,6.7
Y.S.R. ,Andhra Pradesh,1058,99.8,99.9,94.3,40.0,25.6,99.4,83.0,5.5,34.4,26.7,15.9,60.6,56.1,13.4,0.9,3.6
Kurnool ,Andhra Pradesh,1045,99.9,97.9,78.1,33.4,36.9,88.5,67.0,9.6,50.5,46.3,20.6,70.8,58.6,2.3,0.2,2.9
Anantapur ,Andhra Pradesh,1047,99.6,98.8,86.4,31.3,37.3,94.7,81.8,2.9,36.0,40.6,21.9,55.8,50.5,1.0,0.4,4.0
Chittoor ,Andhra Pradesh,1024,99.7,98.5,86.6,40.3,28.1,97.1,66.6,6.0,27.1,27.9,20.1,54.9,51.8,2.2,0.3,4.0
Tawang ,Arunachal Pradesh,1063,99.7,99.8,88.1,39.2,11.9,84.2,67.5,18.8,30.4,9.0,1.2,89.6,59.1,1.0,0.8,0.7
West Kameng ,Arunachal Pradesh,971,97.5,99.8,88.9,43.6,12.5,93.6,56.2,19.7,24.2,13.4,1.9,66.6,37.4,0.0,0.5,0.2
East Kameng ,Arunachal Pradesh,985,86.3,93.6,49.5,31.8,26.5,76.0,60.8,26.4,35.7,14.2,4.8,51.7,26.2,0.6,0.2,0.7
Papum Pare ,Arunachal Pradesh,1039,98.7,92.9,81.3,50.5,25.4,88.0,60.7,24.9,29.7,15.6,5.3,53.4,38.4,2.6,1.2,2.0
Upper Subansiri ,Arunachal Pradesh,1052,87.0,94.7,32.8,31.8,26.7,77.0,68.5,15.4,36.8,19.2,2.8,60.4,36.7,0.5,0.1,0.3
Upper Siang ,Arunachal Pradesh,894,99.5,99.8,36.3,34.8,17.1,76.0,61.4,25.2,30.4,12.0,2.4,51.0,29.2,0.7,0.4,0.4
Changlang ,Arunachal Pradesh,963,95.2,81.8,34.1,30.5,16.8,75.1,70.9,28.9,26.3,25.0,10.5,65.3,57.2,0.2,0.0,0.0
Lower Subansiri ,Arunachal Pradesh,1016,97.8,98.1,60.8,49.9,16.0,89.8,66.5,29.8,30.7,8.1,4.3,52.4,40.5,3.6,0.7,0.8
Dibang Valley ,Arunachal Pradesh,983,79.2,100.0,49.3,43.2,20.7,85.5,90.7,11.0,16.9,16.0,3.8,88.6,62.9,0.3,0.4,0.8
Lower Dibang Valley ,Arunachal Pradesh,1010,84.4,99.5,57.4,51.9,13.8,90.1,73.8,23.9,14.3,9.7,4.1,51.5,34.6,0.0,0.2,0.2
Anjaw ,Arunachal Pradesh,939,96.4,86.6,29.0,28.8,21.8,78.0,93.0,25.4,23.6,16.0,2.4,57.1,35.9,0.9,0.6,0.2
East Siang ,Arunachal Pradesh,1059,97.3,97.3,52.4,55.6,14.9,90.8,48.8,24.0,24.6,10.3,6.8,51.5,35.2,1.1,0.2,0.8
Kra Daadi ,Arunachal Pradesh,976,99.7,99.8,78.3,27.4,24.8,73.5,63.6,14.6,28.8,14.5,2.0,62.0,22.6,0.0,0.3,0.6
Kurung Kumey ,Arunachal Pradesh,997,99.2,99.8,57.3,34.7,19.8,69.2,71.4,18.7,29.2,13.9,2.7,62.4,34.8,0.7,0.0,1.4
Lohit ,Arunachal Pradesh,1001,98.9,96.9,63.9,37.3,20.0,90.2,74.0,20.8,24.5,12.9,8.0,52.5,47.2,1.1,1.3,1.1
Longding ,Arunachal Pradesh,926,97.4,62.5,22.4,27.7,7.9,64.5,52.7,20.0,15.8,13.8,4.0,38.4,34.1,0.0,0.0,0.0
Namsai ,Arunachal Pradesh,982,96.5,93.5,28.7,22.2,26.7,63.6,67.2,21.2,28.7,17.7,12.8,59.2,58.6,0.6,0.0,0.0
Siang ,Arunachal Pradesh,968,99.6,96.3,27.6,50.6,10.0,81.1,60.3,17.3,21.3,8.8,6.5,24.9,23.9,1.2,0.2,0.2
Tirap ,Arunachal Pradesh,964,98.8,93.8,50.4,40.2,12.0,70.2,66.3,16.8,38.6,16.0,5.5,48.4,32.0,0.2,0.2,0.2
West Siang ,Arunachal Pradesh,1018,88.2,99.1,57.1,46.3,18.9,84.6,55.4,20.7,24.5,16.2,4.4,45.6,30.5,0.4,0.1,0.4
Kokrajhar ,Assam,1025,93.9,87.3,43.3,27.5,36.2,81.9,51.1,10.0,34.6,35.2,10.6,74.7,59.5,0.2,0.6,0.2
Goalpara ,Assam,1007,89.6,90.7,36.3,23.4,41.8,92.3,70.3,7.5,38.9,35.4,12.2,60.7,64.9,0.2,0.2,0.0
Barpeta ,Assam,1027,88.9,98.1,38.7,31.7,40.1,87.6,54.6,5.5,29.8,26.2,14.6,63.5,64.8,0.7,0.2,0.0
Morigaon ,Assam,1055,89.5,94.6,37.6,24.5,39.1,88.3,73.4,8.6,43.2,30.5,15.0,53.3,64.2,0.2,0.2,0.2
Lakhimpur ,Assam,983,97.2,81.2,36.1,42.1,36.3,96.2,69.0,7.9,38.5,34.4,17.3,69.3,65.4,0.0,0.0,0.0
Dhemaji ,Assam,1028,95.0,95.3,21.6,43.6,32.0,87.3,89.7,6.8,37.2,25.7,12.1,73.1,62.9,0.0,0.0,0.0
Tinsukia ,Assam,1023,95.7,96.8,40.9,25.6,19.8,82.6,75.0,16.3,32.8,32.2,17.6,66.4,72.8,0.0,0.2,0.2
Dibrugarh ,Assam,1002,94.4,98.1,44.7,33.7,23.0,93.1,83.8,5.6,27.3,32.0,20.3,66.4,70.8,0.0,0.2,0.5
Golaghat ,Assam,1002,96.4,93.7,33.1,27.9,20.7,90.4,72.4,4.4,26.3,25.5,25.1,75.1,77.2,0.2,0.2,0.2
Dima Hasao ,Assam,959,95.9,50.2,48.2,42.4,16.5,89.5,63.6,8.7,30.6,21.7,10.0,73.1,60.5,0.0,0.0,0.0
Cachar ,Assam,1012,81.7,43.8,43.0,25.8,29.9,79.2,70.4,2.7,28.7,38.2,19.7,61.8,57.4,0.2,0.0,0.2
Karimganj ,Assam,1000,87.1,62.3,39.6,19.6,27.7,76.4,75.1,5.3,29.1,52.9,17.8,64.1,52.0,0.0,0.0,0.5
Hailakandi ,Assam,1054,91.2,41.2,35.2,25.3,32.9,83.0,68.6,1.6,42.9,42.4,25.7,59.5,61.4,0.0,0.0,0.0
Bongaigaon ,Assam,998,97.0,95.3,49.8,28.6,41.7,84.5,67.9,16.5,46.2,35.3,13.1,77.2,70.6,0.7,0.8,0.7
Chirang ,Assam,1015,97.8,92.1,44.5,23.0,30.9,83.7,71.1,9.7,42.7,39.7,17.2,70.4,65.2,0.4,0.2,0.2
Kamrup ,Assam,997,94.8,92.1,57.4,39.2,21.9,85.0,63.6,6.5,22.6,19.7,12.9,72.9,71.5,0.2,0.0,0.3
Kamrup Metropolitan ,Assam,946,99.2,87.2,85.1,49.1,21.9,89.1,53.6,1.0,25.4,25.0,12.6,80.4,74.6,0.2,0.2,0.4
Nalbari ,Assam,1043,94.7,99.5,51.1,41.6,28.1,91.8,65.5,8.8,27.5,26.7,16.4,71.0,66.4,0.9,1.0,0.8
Baksa ,Assam,1057,98.1,89.8,35.2,27.8,24.9,89.9,70.5,14.0,41.2,34.0,15.1,78.6,73.6,0.3,0.3,0.0
Darrang ,Assam,929,89.5,99.7,30.1,27.5,42.8,84.4,57.1,9.1,42.0,33.1,17.4,66.8,70.4,0.4,0.0,0.0
Udalguri ,Assam,1087,95.5,82.3,34.0,23.8,32.0,86.2,38.3,2.5,33.8,32.5,16.1,77.6,81.5,0.2,0.3,0.2
Biswanath ,Assam,996,91.1,76.2,35.0,23.0,25.3,84.3,66.2,14.5,42.7,41.0,22.0,79.8,64.4,0.5,0.0,0.0
Charaideo ,Assam,1027,91.7,96.4,27.3,26.2,22.6,88.2,74.0,9.9,39.0,34.8,24.7,69.7,72.3,0.2,0.0,0.0
Dhubri ,Assam,1000,92.5,96.7,40.7,20.4,50.8,64.2,71.6,7.4,48.5,37.8,22.2,73.1,63.2,0.0,0.0,0.0
Hojai ,Assam,986,96.3,99.9,52.0,23.1,30.9,82.1,55.5,2.7,39.3,28.4,19.3,56.8,56.3,0.9,0.0,0.5
Jorhat ,Assam,1009,95.1,85.9,48.3,42.9,24.9,96.5,69.2,11.5,38.7,33.2,22.5,74.1,71.8,0.0,0.2,0.3
Karbi Anglong ,Assam,994,97.0,79.6,33.4,30.3,26.1,74.9,64.3,18.1,31.6,28.2,10.0,67.5,59.0,0.0,0.0,0.2
Majuli ,Assam,995,93.5,98.6,19.3,41.7,25.5,90.3,78.6,14.2,35.4,22.2,18.0,73.0,67.8,0.2,0.0,0.2
Nagaon ,Assam,1050,94.5,96.1,38.6,22.1,42.6,83.7,58.2,8.6,38.9,32.4,21.5,68.6,61.0,0.2,0.2,0.4
Sivasagar ,Assam,989,97.0,92.7,45.5,47.1,27.9,95.3,77.6,24.4,26.1,25.9,20.5,67.5,67.6,0.2,0.3,0.5
Sonitpur ,Assam,1027,88.2,82.9,45.8,24.3,24.0,83.5,70.9,4.3,36.7,21.9,21.4,69.4,63.6,0.4,0.4,0.2
South Salmara Mancachar ,Assam,968,79.5,98.2,28.5,20.9,44.7,71.7,65.8,7.1,38.9,27.9,11.9,69.6,57.1,0.0,0.3,0.0
West Karbi Anglong ,Assam,959,94.7,44.7,17.7,21.7,21.3,72.5,47.9,12.8,40.9,31.1,13.1,79.0,57.9,0.0,0.2,0.0
Pashchim Champaran ,Bihar,1088,93.5,99.7,31.4,21.6,39.1,79.5,62.1,13.6,43.5,30.3,24.6,61.6,50.6,0.3,0.0,0.0
Purba Champaran ,Bihar,1185,94.8,99.9,44.2,20.1,49.2,61.5,68.3,15.4,49.1,37.9,23.4,61.0,57.3,3.3,0.6,0.4
Sheohar ,Bihar,1066,97.6,100.0,31.3,21.0,34.6,74.3,62.9,3.5,34.4,42.2,20.0,73.1,61.6,0.0,0.0,0.3
Sitamarhi ,Bihar,1209,93.1,99.7,40.5,19.2,46.8,64.4,66.6,16.3,54.2,40.8,31.8,70.0,61.7,0.0,0.0,0.0
Madhubani ,Bihar,1227,98.6,100.0,40.0,26.5,39.2,73.7,74.1,12.0,43.3,36.0,25.1,71.0,61.4,0.8,0.0,0.3
Supaul ,Bihar,1126,97.3,99.7,15.0,16.2,55.9,80.4,73.6,14.5,42.3,45.0,30.9,63.6,60.7,0.4,0.0,0.2
Araria ,Bihar,1094,96.2,100.0,15.2,16.8,52.0,66.2,61.6,12.8,49.9,47.8,30.4,75.8,67.9,1.1,0.7,0.7
Kishanganj ,Bihar,1199,95.8,100.0,15.3,15.0,36.6,54.6,67.3,13.1,38.8,41.1,29.1,67.5,65.1,0.8,0.2,0.2
Purnia ,Bihar,1128,92.4,99.6,19.3,19.2,51.2,68.9,62.7,5.5,43.5,47.1,31.4,68.0,66.0,2.1,1.2,0.9
Katihar ,Bihar,1053,92.0,99.2,16.9,19.8,49.4,66.9,73.7,13.8,43.9,48.1,26.4,65.6,68.4,0.0,0.0,0.0
Madhepura ,Bihar,1148,97.0,99.3,13.4,23.2,52.0,75.0,72.0,6.9,46.3,43.5,32.0,67.7,65.7,0.9,0.0,0.5
Saharsa ,Bihar,1128,97.2,100.0,25.2,20.9,51.0,70.4,72.2,10.3,47.8,42.7,31.0,69.3,65.3,0.2,0.2,0.0
Darbhanga ,Bihar,1122,97.2,99.8,41.6,22.7,45.1,69.9,66.3,14.0,45.4,39.2,25.6,68.9,60.8,0.8,0.2,0.2
Muzaffarpur ,Bihar,1097,96.6,99.9,41.5,33.8,32.9,72.5,74.9,17.2,42.6,34.7,25.2,64.6,58.9,1.4,0.2,0.0
Gopalganj ,Bihar,1157,96.2,99.9,39.4,32.9,28.0,85.9,75.8,13.8,34.2,29.2,22.7,56.1,53.8,1.5,0.2,0.0
Siwan ,Bihar,1141,95.3,99.8,48.0,38.9,21.3,86.4,76.1,10.8,36.7,30.8,18.1,63.9,53.1,0.2,0.0,0.0
Saran ,Bihar,1077,93.6,99.7,36.8,35.5,26.2,73.0,72.0,7.1,39.7,45.0,22.1,69.8,62.8,0.5,0.8,0.3
Vaishali ,Bihar,1069,96.5,99.2,40.9,34.0,44.9,81.6,71.0,11.7,38.3,38.4,26.1,77.1,63.1,0.2,0.4,0.8
Samastipur ,Bihar,1071,95.7,98.6,36.1,26.5,49.8,83.4,71.4,17.7,44.0,42.8,26.7,67.2,60.5,0.6,0.6,0.4
Begusarai ,Bihar,1076,96.2,99.1,45.2,34.1,49.5,86.0,65.8,4.6,37.8,35.6,26.0,74.5,62.9,0.2,0.2,0.0
Khagaria ,Bihar,1111,94.5,98.8,33.2,26.6,44.9,74.2,64.7,16.3,34.8,36.4,24.7,67.1,59.5,0.7,0.2,0.9
Bhagalpur ,Bihar,986,94.5,98.0,49.2,35.1,42.4,77.2,66.8,8.1,40.0,40.4,22.9,78.7,73.0,1.6,1.2,1.3
Banka ,Bihar,1083,96.2,96.3,32.3,22.6,49.4,79.8,88.1,2.8,46.7,45.8,23.8,77.8,65.9,0.6,0.0,0.0
Munger ,Bihar,1032,98.4,97.7,59.4,44.4,34.7,93.2,73.4,5.1,35.5,39.5,23.7,74.3,71.4,1.5,1.5,1.7
Lakhisarai ,Bihar,1074,98.0,96.6,42.6,30.0,56.1,75.8,68.9,3.6,42.7,45.1,25.3,77.2,72.6,0.2,0.0,0.1
Sheikhpura ,Bihar,1074,97.3,98.4,40.3,28.3,46.1,89.2,82.8,5.5,53.6,37.6,24.1,80.1,69.5,0.5,0.5,0.3
Nalanda ,Bihar,1048,98.9,98.9,41.0,28.8,42.0,80.3,75.2,9.6,42.6,46.7,23.8,80.3,71.0,0.4,0.0,0.0
Patna ,Bihar,950,99.0,98.8,64.6,43.6,26.6,89.1,56.6,8.3,34.5,39.6,22.6,65.4,67.1,1.6,0.6,0.1
Bhojpur ,Bihar,1003,97.9,99.7,42.9,34.6,31.2,86.9,61.9,7.7,40.7,44.0,23.1,67.7,73.6,0.5,0.3,0.3
Buxar ,Bihar,1005,98.5,99.8,44.7,33.3,30.8,89.5,75.0,8.3,39.6,45.3,21.1,68.3,66.2,0.3,0.3,0.0
Kaimur (Bhabua) ,Bihar,1018,96.7,98.0,29.0,29.5,27.1,83.3,88.9,13.4,44.1,47.2,25.6,71.4,70.3,0.0,0.0,0.0
Rohtas ,Bihar,1040,98.5,99.6,47.4,42.6,30.3,89.1,86.8,2.6,40.0,48.2,22.9,70.3,64.9,1.1,0.7,0.0
Aurangabad ,Bihar,1074,97.7,100.0,38.9,36.9,27.3,77.5,89.7,5.8,41.2,48.7,25.8,68.4,60.5,0.0,0.0,0.0
Gaya ,Bihar,1080,97.9,99.2,34.7,30.7,42.8,76.6,85.0,12.5,47.4,43.5,26.8,76.7,64.3,0.0,0.1,0.0
Nawada ,Bihar,1099,97.4,99.3,40.7,37.3,43.3,79.9,74.5,5.1,49.4,37.3,28.4,73.3,70.4,0.3,0.0,0.0
Jamui ,Bihar,1090,97.9,90.5,40.2,20.6,51.9,73.4,66.4,3.3,43.0,37.5,31.0,81.9,75.2,0.0,0.0,0.0
Jehanabad ,Bihar,1085,99.3,99.8,34.3,30.5,41.6,89.1,70.3,6.6,41.3,51.7,27.2,61.9,68.1,1.6,0.2,0.2
Arwal ,Bihar,1076,97.4,99.9,29.3,32.9,37.5,79.2,84.2,11.5,45.6,52.9,31.9,65.8,66.9,0.4,0.2,0.2
Chandigarh,Chandigarh,917,99.9,99.1,95.8,59.6,9.7,96.9,80.9,19.0,25.3,20.6,13.0,54.6,60.3,1.4,0.0,0.4
Koriya ,Chhattisgarh,987,97.6,87.6,30.2,37.0,22.9,80.8,87.1,8.0,32.1,31.8,25.1,56.3,64.4,0.5,0.5,0.9
Jashpur ,Chhattisgarh,1038,98.2,88.8,14.8,34.9,21.9,85.6,94.2,5.8,35.8,33.6,27.5,54.1,61.5,0.2,0.0,0.2
Raigarh ,Chhattisgarh,1013,99.0,97.5,29.8,38.3,11.5,87.7,90.9,4.5,39.1,28.0,26.9,62.7,62.2,0.0,0.0,0.0
Korba ,Chhattisgarh,1034,97.9,82.2,35.5,37.1,7.2,75.4,68.4,4.0,34.7,27.9,24.4,63.6,66.4,0.9,0.8,0.5
Janjgir - Champa ,Chhattisgarh,999,99.5,97.2,24.8,37.3,10.2,86.2,85.5,4.8,32.5,30.2,21.5,74.1,66.3,0.0,0.0,0.2
Kabeerdham ,Chhattisgarh,983,99.5,97.9,25.0,32.6,15.3,91.7,95.4,6.8,37.9,27.3,20.6,67.5,43.6,0.2,0.3,0.2
Rajnandgaon ,Chhattisgarh,1014,99.3,98.8,27.4,38.9,3.8,95.5,91.0,10.6,27.6,31.0,25.9,80.5,58.3,0.0,0.0,0.0
Mahasamund ,Chhattisgarh,1057,98.4,98.8,30.4,31.2,9.5,92.9,82.1,15.7,36.8,25.8,21.3,75.8,63.0,0.5,0.2,0.4
Dhamtari ,Chhattisgarh,1057,99.9,99.1,30.9,40.9,5.8,94.3,80.6,8.9,30.5,28.9,18.4,67.3,59.6,0.3,0.3,0.0
Uttar Bastar Kanker ,Chhattisgarh,1030,99.4,98.7,25.9,40.3,5.4,94.1,89.5,8.0,24.8,36.1,25.5,62.3,65.2,0.2,0.2,0.2
Narayanpur ,Chhattisgarh,1077,90.1,90.5,19.5,26.5,11.1,74.2,81.7,14.8,43.7,39.5,28.1,86.8,72.0,0.0,0.0,0.0
Bijapur ,Chhattisgarh,1069,86.8,94.3,18.5,24.2,18.3,63.6,78.4,16.4,53.8,46.1,43.6,77.2,72.1,0.0,0.0,0.0
Balod ,Chhattisgarh,988,99.7,99.5,33.3,46.3,3.3,97.4,85.2,2.9,33.6,36.0,18.8,68.3,56.4,0.6,0.0,0.2
Baloda Bazar ,Chhattisgarh,1070,99.2,94.8,24.9,38.7,11.4,78.1,77.3,11.5,40.9,34.1,19.4,67.8,61.2,0.3,0.6,0.3
Balrampur ,Chhattisgarh,980,97.9,84.4,13.2,32.2,24.6,78.9,76.1,13.4,35.1,38.8,28.7,50.1,63.4,0.0,0.0,0.0
Bastar ,Chhattisgarh,1068,96.8,94.1,31.6,25.3,17.3,63.5,57.3,10.6,48.1,45.2,34.9,80.7,77.2,0.9,0.2,1.0
Bemetara ,Chhattisgarh,972,99.7,98.8,18.9,33.0,15.1,95.0,93.4,14.7,38.4,27.6,21.0,61.8,47.0,0.5,0.0,0.0
Bilaspur ,Chhattisgarh,1033,98.6,93.6,42.2,37.4,11.2,79.4,52.5,15.2,25.7,28.0,27.2,78.1,58.5,0.3,0.3,0.2
Dantewada ,Chhattisgarh,1098,95.9,95.1,34.6,24.2,16.3,90.5,77.6,19.6,45.6,45.8,25.9,89.9,76.0,0.9,0.5,0.5
Durg ,Chhattisgarh,957,99.6,98.5,76.3,52.7,4.3,96.7,82.7,8.3,38.9,27.7,12.5,57.1,51.7,0.5,0.4,0.8
Gariyaband ,Chhattisgarh,1048,98.7,96.8,17.1,27.8,9.7,87.6,83.4,9.4,28.9,22.1,20.0,73.9,64.6,0.2,0.0,0.0
Kodagaon ,Chhattisgarh,1033,97.8,98.8,12.4,24.7,11.8,78.7,70.1,9.3,37.6,42.2,31.3,76.6,79.7,0.0,0.2,0.3
Mungeli ,Chhattisgarh,1022,99.7,98.0,22.9,32.2,20.5,69.8,79.7,3.0,30.1,30.6,20.9,62.0,54.5,0.2,0.4,0.6
Raipur ,Chhattisgarh,983,99.5,99.7,60.5,40.1,8.8,90.7,74.2,7.9,32.2,32.3,14.4,74.6,59.1,0.2,0.2,0.0
Sukma ,Chhattisgarh,1078,98.3,96.0,14.4,15.9,18.9,81.2,73.3,20.9,41.8,37.4,34.5,91.4,78.4,0.2,0.2,0.2
Surajpur ,Chhattisgarh,950,98.7,83.4,24.0,30.7,34.3,85.9,78.7,11.4,27.6,32.3,29.5,51.1,60.7,0.6,0.3,0.3
Surguja ,Chhattisgarh,1036,99.3,96.4,24.5,37.7,18.1,85.3,84.6,9.9,29.4,30.6,26.8,51.4,58.3,0.0,0.0,0.2
Diu ,Dadra and Nagar Haveli & Daman and Diu,1332,100.0,99.7,85.3,52.7,2.3,95.7,92.9,17.9,33.9,28.5,16.4,62.8,50.3,0.3,0.0,0.3
Daman ,Dadra and Nagar Haveli & Daman and Diu,755,99.5,96.0,92.1,42.9,22.8,97.4,78.3,11.8,30.0,29.3,22.3,82.5,60.8,0.7,0.3,0.3
Dadra & Nagar Haveli ,Dadra and Nagar Haveli & Daman and Diu,817,99.7,94.8,74.3,31.5,30.0,96.3,100.0,9.2,42.4,42.1,27.0,74.8,64.4,0.3,0.2,0.2
North Goa ,Goa,1017,100.0,98.1,96.7,72.0,7.5,99.6,78.6,25.8,24.2,25.8,14.1,55.2,40.0,1.4,1.9,0.9
Kachchh ,Gujarat,979,99.2,96.8,67.2,24.1,19.0,97.4,70.2,5.1,37.5,33.4,28.1,68.6,57.5,0.4,0.0,0.0
Banas Kantha ,Gujarat,1007,91.1,93.6,45.6,17.6,37.3,92.9,43.5,3.8,39.0,44.1,36.7,79.0,60.0,0.3,0.3,0.0
Patan ,Gujarat,967,98.3,99.4,62.6,22.6,35.4,98.6,81.0,3.2,50.5,42.3,29.3,76.2,59.8,0.0,0.0,0.0
Mahesana ,Gujarat,913,97.7,97.0,63.1,32.6,32.3,97.3,79.6,0.0,31.0,41.4,24.4,86.0,69.3,0.3,0.0,0.4
Gandhinagar ,Gujarat,924,97.8,99.7,76.9,37.9,32.6,97.8,77.7,4.9,38.1,44.6,21.2,81.2,68.8,1.0,0.3,0.3
Porbandar ,Gujarat,1000,99.8,96.2,76.9,35.9,10.0,100.0,82.9,14.5,18.2,25.5,15.8,77.9,47.6,0.4,0.2,0.4
Amreli ,Gujarat,984,99.6,97.8,65.6,27.2,10.5,90.1,60.1,3.8,35.3,30.6,18.3,72.0,50.0,0.2,0.4,0.6
Anand ,Gujarat,912,98.0,99.7,65.1,32.2,28.0,96.0,77.0,11.5,38.4,46.6,32.0,78.4,66.4,0.2,0.2,0.2
Dohad ,Gujarat,1047,89.3,91.0,26.8,23.1,29.9,92.5,66.2,7.5,55.3,53.0,39.1,87.2,75.1,0.0,0.0,0.0
Narmada ,Gujarat,1006,92.7,96.8,31.3,22.6,29.5,81.7,82.8,4.1,47.2,52.8,30.7,93.2,75.9,0.0,0.0,0.0
Bharuch ,Gujarat,960,98.2,97.2,60.2,31.5,16.8,91.1,80.0,7.7,40.9,45.5,30.3,81.0,71.8,0.5,0.0,0.2
The Dangs ,Gujarat,1023,95.9,91.2,23.4,20.7,30.2,74.5,91.3,16.5,37.6,53.1,33.7,82.4,77.2,0.3,0.3,0.5
Navsari ,Gujarat,1056,98.7,97.4,70.2,47.7,15.7,99.3,95.0,0.0,36.8,43.6,21.8,75.3,68.7,0.5,0.5,0.2
Valsad ,Gujarat,1009,98.6,98.0,73.1,45.6,19.4,96.5,91.1,16.0,37.8,34.8,23.8,87.6,75.7,0.1,0.4,0.1
Surat ,Gujarat,912,99.3,98.9,88.6,44.0,13.1,97.7,92.8,3.2,36.1,32.5,21.0,83.6,69.0,0.4,0.2,0.4
Tapi ,Gujarat,1076,97.6,99.0,45.5,32.5,25.3,92.9,97.5,6.7,41.7,51.8,35.4,80.7,77.4,0.1,0.2,0.0
Ahmadabad ,Gujarat,928,99.5,98.7,89.7,42.7,17.5,94.5,65.2,3.0,35.5,34.0,19.4,72.0,63.7,0.0,0.0,0.0
Aravali ,Gujarat,996,96.5,98.5,47.9,34.7,27.0,92.2,77.0,9.4,47.1,47.2,34.4,89.5,77.3,0.7,0.5,0.3
Bhavnagar ,Gujarat,942,96.9,95.1,59.8,26.3,18.0,94.2,74.3,11.2,32.6,39.5,20.8,71.5,49.4,0.0,0.0,0.2
Botad ,Gujarat,975,99.3,99.2,63.0,22.0,13.0,93.5,65.1,8.1,32.2,32.3,19.6,75.5,58.8,0.5,0.0,0.8
Chhota Udaipur ,Gujarat,1016,95.3,97.4,25.7,20.3,27.5,85.7,81.7,2.4,48.6,48.1,30.9,87.7,78.9,0.4,0.2,0.4
Devbhumi Dwarka ,Gujarat,1010,98.7,93.9,61.2,15.8,11.6,94.8,73.3,5.8,30.2,36.2,22.4,66.7,48.8,0.4,0.0,0.0
Gir Somnath ,Gujarat,981,99.5,98.2,46.8,30.8,9.9,87.1,69.9,14.6,44.4,30.3,24.8,68.9,49.9,0.4,0.2,0.0
Jamnagar ,Gujarat,1004,98.9,99.7,81.6,35.3,6.8,96.5,78.4,10.7,28.4,28.9,17.3,75.0,50.2,0.3,0.3,0.3
Junagadh ,Gujarat,999,99.3,97.0,67.2,35.0,11.2,97.4,93.5,5.2,37.3,26.4,18.7,74.7,58.8,0.4,0.2,0.4
Kheda ,Gujarat,934,96.9,97.7,48.0,24.2,49.2,95.2,69.0,1.2,37.3,39.5,32.2,85.1,76.1,0.0,0.0,0.0
Mahisagar ,Gujarat,993,95.2,94.8,47.4,33.9,30.7,93.0,80.0,3.0,43.4,49.0,30.7,85.9,72.5,0.6,0.9,0.6
Morbi ,Gujarat,981,99.9,98.3,73.6,35.4,8.9,94.8,64.2,10.2,32.9,32.3,21.2,75.3,50.7,0.2,0.0,0.0
Panch Mahals ,Gujarat,969,95.5,91.0,43.6,28.4,34.1,88.4,95.4,3.0,47.1,51.9,33.1,91.0,69.8,0.0,0.0,0.2
Rajkot ,Gujarat,975,99.6,99.5,83.6,42.6,12.1,99.3,84.9,14.2,38.9,37.0,19.5,77.0,60.5,0.5,0.0,0.1
Sabar Kantha ,Gujarat,987,95.3,90.7,58.7,31.1,27.0,89.4,88.5,5.1,37.0,41.0,26.6,81.1,67.3,0.2,0.2,0.0
Surendranagar ,Gujarat,957,99.4,96.9,56.9,23.3,19.5,85.6,62.5,0.9,39.2,41.8,24.1,81.0,55.6,0.0,0.0,0.3
Vadodara ,Gujarat,953,97.3,99.5,78.1,46.4,22.8,95.9,84.9,5.1,42.3,39.9,20.9,86.4,72.3,0.2,0.0,0.5
Panchkula ,Haryana,936,99.5,99.2,81.1,60.3,7.4,97.0,85.1,10.3,21.8,19.3,14.1,53.1,57.1,0.5,0.3,0.3
Ambala ,Haryana,930,99.6,99.3,81.6,55.3,6.4,97.8,79.3,17.4,24.1,13.7,14.8,64.2,46.1,2.9,0.9,0.2
Yamunanagar ,Haryana,923,99.8,100.0,77.7,51.2,6.9,94.8,82.9,12.4,27.7,23.1,14.0,72.9,56.6,2.5,0.7,0.7
Kurukshetra ,Haryana,941,99.6,99.9,77.6,48.4,11.7,98.4,69.8,28.7,24.9,22.5,11.8,73.7,57.1,1.2,0.6,0.3
Kaithal ,Haryana,929,100.0,98.5,55.9,45.9,11.0,98.2,74.3,10.0,29.9,29.9,16.5,61.4,61.5,0.0,0.2,0.2
Karnal ,Haryana,970,99.2,99.9,74.1,46.8,6.6,99.0,88.9,19.2,29.2,20.5,14.9,78.3,61.9,0.7,0.4,0.4
Panipat ,Haryana,917,99.6,99.9,73.0,52.1,11.9,97.1,80.6,10.3,25.1,18.9,13.7,73.4,66.9,1.0,0.5,0.3
Sonipat ,Haryana,844,99.3,97.2,69.9,56.8,15.5,99.7,83.0,5.1,23.6,12.7,13.2,68.7,53.3,0.5,0.3,0.3
Jind ,Haryana,977,100.0,96.2,42.1,45.3,8.7,98.7,77.5,10.5,25.5,22.9,18.9,68.9,59.6,2.0,0.9,0.4
Fatehabad ,Haryana,908,99.8,99.8,43.7,41.5,11.7,97.9,90.7,11.2,24.6,26.6,19.8,59.3,62.3,0.7,0.0,0.2
Hisar ,Haryana,939,99.7,99.3,44.8,43.9,8.9,98.2,85.5,2.6,27.8,21.4,18.5,70.5,63.8,0.0,0.0,0.2
Rohtak ,Haryana,942,99.7,98.5,67.3,55.9,12.4,97.4,77.4,6.0,28.9,22.1,15.9,76.2,65.3,0.4,0.2,1.1
Jhajjar ,Haryana,982,99.8,96.6,55.9,62.7,7.7,97.2,90.9,15.4,15.6,9.7,10.1,76.9,60.1,0.8,0.2,0.2
Mahendragarh ,Haryana,936,99.6,99.7,34.2,52.4,13.4,98.9,73.9,8.7,25.2,15.4,14.3,72.3,61.2,0.1,0.1,0.1
Rewari ,Haryana,885,100.0,99.7,54.9,58.7,5.8,98.7,79.3,6.1,25.9,20.5,11.7,71.3,61.8,0.0,0.0,0.0
Gurgaon ,Haryana,871,99.4,99.7,81.0,59.6,20.7,96.7,58.7,10.1,22.1,22.2,9.0,67.7,67.5,0.0,0.3,0.0
Mewat ,Haryana,914,98.6,97.1,22.0,13.9,28.7,74.6,53.8,13.0,44.4,37.3,19.2,76.4,60.6,1.3,0.5,0.8
Faridabad ,Haryana,890,100.0,97.9,89.3,55.6,15.3,92.5,69.5,11.7,28.9,19.5,10.0,68.4,54.2,1.0,0.0,0.2
Palwal ,Haryana,943,98.9,96.7,34.6,39.4,23.8,78.3,69.0,21.2,31.0,21.0,15.8,71.6,57.2,0.6,0.2,0.4
Bhiwani ,Haryana,985,100.0,97.5,36.6,47.0,15.0,97.7,72.5,8.4,29.0,20.6,19.5,69.2,66.4,1.0,0.1,0.3
Charkhi Dadri ,Haryana,964,99.5,97.3,36.2,54.5,11.8,98.9,84.2,11.5,23.9,16.9,17.0,67.2,72.6,0.0,0.0,0.0
Chamba ,Himachal Pradesh,1073,99.1,85.5,35.0,50.9,3.8,72.0,100.0,19.9,42.6,26.0,14.6,46.5,43.7,0.2,0.0,0.0
Kangra ,Himachal Pradesh,1051,99.7,98.6,49.1,69.9,1.5,90.2,83.9,18.6,28.0,32.0,15.2,55.3,63.4,0.2,0.2,0.0
Lahul & Spiti ,Himachal Pradesh,1077,99.8,89.2,71.7,55.9,11.2,86.4,77.9,19.7,28.5,18.4,9.9,91.0,82.1,1.2,0.2,0.4
Kullu ,Himachal Pradesh,1008,99.2,94.3,65.0,54.4,8.7,87.0,80.2,28.7,35.9,25.6,11.0,75.3,52.8,0.7,0.6,1.4
Mandi ,Himachal Pradesh,1159,99.5,96.5,38.6,71.8,6.3,86.6,94.1,24.4,31.3,21.3,12.8,52.2,48.9,0.5,0.4,0.2
Hamirpur ,Himachal Pradesh,1182,99.7,98.0,44.7,76.1,3.5,97.6,74.3,31.8,27.3,23.6,17.2,52.0,49.5,1.0,0.4,0.2
Una ,Himachal Pradesh,1026,98.5,98.8,46.2,66.8,1.6,89.7,75.3,8.8,24.7,25.8,16.3,58.7,60.8,0.5,0.9,1.7
Bilaspur ,Himachal Pradesh,1096,100.0,92.9,35.8,64.2,10.0,91.7,100.0,10.6,40.1,38.8,17.5,44.8,53.0,0.4,0.0,0.2
Solan ,Himachal Pradesh,947,99.2,96.5,62.5,62.3,13.3,90.2,92.6,19.0,32.3,26.7,11.9,50.4,47.5,1.3,0.7,0.3
Sirmaur ,Himachal Pradesh,923,99.2,95.7,46.8,55.6,5.0,87.4,93.9,9.9,28.6,24.2,16.1,58.5,50.1,0.0,0.0,0.0
Shimla ,Himachal Pradesh,956,100.0,97.3,78.0,69.7,6.1,92.2,96.5,18.3,27.1,14.9,9.9,59.1,46.5,3.5,1.1,0.0
Kinnaur ,Himachal Pradesh,967,99.6,96.9,70.4,56.1,27.9,82.7,91.7,6.8,32.2,18.9,9.9,75.6,51.7,0.8,0.2,0.0
Kupwara ,Jammu & Kashmir,987,99.3,88.0,62.0,44.9,3.1,97.1,93.2,17.0,24.9,25.5,5.1,78.8,73.5,0.8,0.4,0.4
Badgam ,Jammu & Kashmir,937,99.5,95.8,71.1,48.2,1.5,96.5,92.5,14.2,26.8,20.6,4.7,85.0,73.9,0.2,0.2,0.0
Punch ,Jammu & Kashmir,946,99.7,76.8,44.6,46.8,5.4,86.0,91.2,9.6,25.9,18.8,6.8,54.3,54.1,0.0,0.4,0.6
Rajouri ,Jammu & Kashmir,901,100.0,77.7,42.8,46.4,12.2,88.8,95.0,7.7,30.3,32.4,4.8,76.4,60.6,0.2,0.2,0.0
Kathua ,Jammu & Kashmir,894,99.7,96.1,68.5,64.9,1.4,97.1,100.0,24.6,21.8,25.9,5.3,67.0,53.6,0.8,0.4,0.8
Baramula ,Jammu & Kashmir,955,98.7,93.3,76.5,35.9,3.8,96.2,73.7,19.9,23.2,17.3,10.6,70.4,72.5,1.8,1.7,4.0
Bandipore ,Jammu & Kashmir,970,99.0,89.8,77.9,35.9,1.8,92.8,90.3,21.7,25.2,16.8,10.4,75.1,73.7,1.0,0.4,0.2
Srinagar ,Jammu & Kashmir,972,100.0,98.5,98.4,60.5,1.7,99.2,90.9,10.9,33.0,15.8,3.5,77.0,51.7,0.2,0.0,0.0
Ganderbal ,Jammu & Kashmir,931,99.5,97.2,84.4,34.3,5.3,98.0,81.2,13.1,18.5,20.1,7.7,89.8,77.2,0.4,0.0,0.1
Pulwama ,Jammu & Kashmir,953,99.1,98.0,76.6,49.4,0.5,97.8,88.8,8.4,22.4,20.2,2.9,67.4,73.2,0.0,0.0,0.2
Shupiyan ,Jammu & Kashmir,958,99.9,99.2,66.1,55.2,2.1,98.3,92.2,16.6,22.0,33.5,2.0,57.1,63.9,0.4,0.0,0.0
Anantnag ,Jammu & Kashmir,974,98.7,99.3,76.5,52.8,2.5,90.5,83.3,14.8,28.2,28.3,4.1,79.2,74.3,0.2,0.0,0.0
Kulgam ,Jammu & Kashmir,962,99.8,96.4,40.3,42.4,3.7,98.9,98.1,2.3,28.4,15.3,2.1,77.7,77.0,0.5,0.3,0.4
Doda ,Jammu & Kashmir,943,99.6,92.6,42.4,46.8,11.0,73.5,61.7,12.9,32.7,15.2,5.0,80.7,66.5,1.2,0.2,5.1
Ramban ,Jammu & Kashmir,915,97.4,73.4,35.8,35.5,5.5,80.4,78.9,18.6,25.7,21.2,7.6,62.0,59.7,1.2,0.7,0.5
Kishtwar ,Jammu & Kashmir,978,88.8,86.8,50.6,48.0,7.2,91.6,91.6,6.6,27.5,17.7,5.1,88.5,84.8,0.2,0.3,0.3
Udhampur ,Jammu & Kashmir,946,99.9,76.4,55.1,43.7,6.1,87.2,85.8,7.3,37.3,31.9,4.0,70.4,56.5,0.0,0.0,0.0
Reasi ,Jammu & Kashmir,967,99.9,76.5,35.2,41.9,9.6,69.3,79.1,17.2,17.7,11.7,4.3,69.7,62.9,0.0,0.0,0.0
Jammu ,Jammu & Kashmir,939,100.0,99.9,87.9,70.8,5.3,96.5,84.1,12.9,27.0,17.6,4.2,68.4,66.6,0.0,0.0,0.0
Samba ,Jammu & Kashmir,960,99.8,95.4,73.0,60.6,6.3,97.9,90.9,7.9,24.5,15.5,3.6,69.0,62.4,0.9,0.2,0.4
Garhwa ,Jharkhand,1108,85.0,92.5,24.7,31.0,31.3,84.0,77.2,6.4,47.7,40.6,28.8,62.5,62.7,0.9,0.2,0.2
Chatra ,Jharkhand,1136,92.1,83.3,20.4,27.7,31.7,71.5,71.7,6.1,42.2,39.8,32.2,62.6,56.0,0.0,0.0,0.2
Kodarma ,Jharkhand,1141,97.1,83.9,35.8,31.8,42.5,91.3,73.8,10.8,34.6,31.7,29.9,60.0,64.9,0.3,0.2,0.2
Giridih ,Jharkhand,1091,96.5,87.6,32.4,25.0,45.6,70.7,70.6,10.7,31.9,34.3,27.3,62.8,64.7,1.9,0.4,0.4
Deoghar ,Jharkhand,1068,95.6,90.8,23.5,19.7,49.2,61.3,54.5,7.2,41.7,36.9,32.5,73.9,70.2,0.7,0.2,0.2
Godda ,Jharkhand,1012,93.5,91.4,19.7,19.6,48.5,70.2,63.9,7.6,39.4,40.7,23.6,75.1,66.3,0.5,0.0,0.5
Sahibganj ,Jharkhand,1092,91.6,88.2,17.4,18.6,39.9,64.7,66.0,8.2,49.1,44.8,28.5,72.6,71.5,0.2,0.2,0.9
Pakur ,Jharkhand,1074,91.7,88.6,16.9,13.6,43.4,64.6,69.4,8.1,51.3,51.4,34.4,72.1,79.7,0.0,0.0,0.0
Dhanbad ,Jharkhand,986,98.5,88.9,37.2,37.9,28.3,78.8,66.1,4.7,27.0,25.1,26.0,66.5,63.8,0.3,0.0,0.1
Bokaro ,Jharkhand,1006,97.3,86.4,47.0,45.0,26.3,80.9,71.0,18.1,36.2,32.3,26.6,66.5,68.8,0.6,0.0,0.4
Lohardaga ,Jharkhand,1052,99.2,78.4,34.0,35.0,21.9,84.1,88.2,7.0,40.7,43.4,24.1,68.7,61.7,0.4,0.0,0.0
Purbi Singhbhum ,Jharkhand,1016,95.7,89.7,57.6,46.8,19.8,94.0,88.8,11.1,35.9,41.6,15.5,67.4,64.4,0.0,0.0,0.0
Palamu ,Jharkhand,1183,95.8,94.9,25.4,36.5,35.4,74.9,80.9,5.4,43.7,37.3,26.7,68.2,61.0,0.2,0.2,0.0
Latehar ,Jharkhand,1115,89.0,79.2,14.2,26.5,32.2,70.3,75.0,7.5,40.1,39.4,31.1,68.3,63.6,0.5,0.0,0.2
Hazaribagh ,Jharkhand,1083,98.2,85.5,36.8,40.1,38.6,82.0,70.1,16.9,37.8,32.5,25.3,62.1,56.1,1.0,0.0,0.0
Ramgarh ,Jharkhand,955,98.4,76.7,33.2,44.3,25.1,79.0,81.8,12.5,35.3,35.3,27.3,59.7,62.3,1.4,0.3,0.2
Dumka ,Jharkhand,1067,93.2,92.6,18.1,19.1,43.1,60.3,78.9,7.8,38.2,44.9,29.6,75.1,73.4,0.0,0.0,0.2
Jamtara ,Jharkhand,996,92.2,93.0,20.3,21.4,50.5,75.4,78.8,15.9,41.9,46.2,30.6,72.8,77.7,0.0,0.0,0.0
Ranchi ,Jharkhand,1004,99.3,86.3,57.7,49.5,20.9,87.3,73.8,19.7,28.3,40.6,21.2,62.8,58.9,0.3,0.2,0.4
Khunti ,Jharkhand,992,92.9,68.6,18.7,29.3,21.7,73.8,71.9,10.5,38.5,44.0,20.6,66.9,70.0,0.5,0.3,0.2
Gumla ,Jharkhand,1024,89.1,75.2,19.1,33.3,20.9,83.8,85.3,10.7,40.2,38.7,25.2,65.8,59.5,0.4,0.2,0.2
Simdega ,Jharkhand,1064,84.1,66.7,15.9,29.7,15.9,75.7,79.3,10.8,42.2,37.0,25.8,75.4,70.6,0.2,0.0,0.0
Pashchimi Singhbhum ,Jharkhand,1049,83.3,79.3,15.5,22.9,24.4,67.9,87.0,11.7,60.6,62.4,33.1,73.3,72.6,0.2,0.1,0.1
Saraikela-Kharsawan ,Jharkhand,996,93.5,85.7,31.5,36.0,19.2,81.8,80.9,13.8,40.0,48.7,20.3,76.1,70.2,0.2,0.0,0.0
Belgaum ,Karnataka,1032,99.1,94.4,74.8,47.8,32.8,97.5,81.4,8.8,32.8,36.9,22.2,72.7,52.9,0.5,0.6,0.8
Bagalkot ,Karnataka,1007,98.9,99.2,56.6,37.7,38.7,95.2,78.6,6.1,48.3,42.3,17.1,63.8,48.0,0.6,0.2,0.2
Bijapur ,Karnataka,995,97.6,92.5,60.6,37.1,39.2,91.8,71.1,14.6,45.9,39.0,18.1,65.2,52.9,0.7,0.2,0.4
Bidar ,Karnataka,1034,98.8,98.9,65.2,45.0,19.2,99.0,74.8,13.8,36.8,36.1,24.9,69.3,55.9,0.4,0.2,0.5
Raichur ,Karnataka,1033,99.7,94.0,64.9,31.7,21.9,88.9,80.2,13.0,39.8,40.7,23.3,73.6,60.4,0.8,0.4,0.5
Koppal ,Karnataka,994,99.2,96.0,47.4,34.4,27.1,90.7,84.8,12.2,49.1,45.8,24.9,70.7,54.8,0.5,0.4,0.2
Gadag ,Karnataka,1060,98.6,95.5,56.3,45.1,27.7,96.2,74.3,9.5,45.2,39.8,18.9,70.3,50.5,0.2,0.0,0.5
Dharwad ,Karnataka,1022,99.4,87.9,79.1,51.4,17.8,99.7,87.6,15.3,45.2,40.4,17.3,67.2,52.1,0.3,0.1,0.0
Uttara Kannada ,Karnataka,1011,99.1,84.8,73.4,49.2,11.6,99.3,93.6,14.7,29.6,33.3,18.4,69.0,44.6,0.0,0.0,0.0
Haveri ,Karnataka,978,99.1,99.1,60.7,40.0,16.5,97.2,95.7,7.4,29.9,35.0,19.9,66.9,50.8,0.2,0.0,0.2
Bellary ,Karnataka,1038,98.9,94.7,76.2,39.9,22.2,95.7,71.5,9.7,36.1,36.5,22.2,67.5,58.1,0.5,0.2,1.0
Chitradurga ,Karnataka,1023,99.8,97.8,80.6,48.3,20.7,98.3,94.6,27.2,36.0,32.4,14.5,61.1,44.6,0.4,0.4,0.4
Davanagere ,Karnataka,967,98.8,97.5,79.1,47.1,19.1,98.3,79.4,16.8,38.4,32.8,15.9,70.2,51.7,0.9,0.9,0.6
Shimoga ,Karnataka,1010,99.5,94.6,85.7,49.1,11.1,99.7,96.1,18.5,29.0,34.4,15.0,68.9,41.9,0.4,0.3,0.2
Udupi ,Karnataka,1148,99.6,81.5,67.8,55.4,4.4,98.9,89.9,10.3,23.1,21.0,23.8,58.3,47.3,0.3,0.2,1.1
Chikmagalur ,Karnataka,1041,99.3,95.7,79.0,48.3,19.5,98.4,91.0,15.4,27.3,25.4,14.2,53.2,40.8,0.7,0.0,0.0
Tumkur ,Karnataka,1085,99.6,96.2,85.3,58.9,24.8,100.0,97.7,15.5,40.3,26.7,15.2,67.6,49.3,0.5,0.2,0.2
Bangalore ,Karnataka,1006,98.8,99.2,97.2,70.1,14.5,99.3,78.2,7.4,31.3,28.1,10.0,58.9,35.5,0.2,0.4,0.6
Mandya ,Karnataka,1122,98.4,98.4,90.5,52.5,13.1,99.5,93.9,12.4,24.3,16.7,13.7,58.2,47.0,0.0,0.4,0.0
Hassan ,Karnataka,1102,99.3,96.8,86.1,51.3,16.2,100.0,96.8,29.1,27.1,23.8,11.1,63.6,42.2,0.0,0.0,0.0
Dakshina Kannada ,Karnataka,1063,99.8,88.6,82.0,62.8,4.9,100.0,86.8,5.3,25.1,26.4,12.6,51.1,38.8,0.4,0.4,0.4
Kodagu ,Karnataka,1168,98.7,89.2,78.3,58.9,12.8,98.4,90.6,9.1,30.4,22.6,12.0,54.4,39.9,0.2,0.8,0.5
Mysore ,Karnataka,1077,99.5,95.4,94.7,49.6,17.5,100.0,97.2,13.4,27.5,28.2,14.7,57.2,48.0,0.9,1.0,0.3
Chamarajanagar ,Karnataka,1037,98.7,99.9,89.0,41.7,19.3,100.0,93.3,17.8,32.2,28.7,17.9,68.7,46.3,0.2,0.2,0.7
Gulbarga ,Karnataka,1023,99.4,92.5,58.5,42.0,29.8,88.7,75.3,15.4,34.5,36.2,20.8,75.1,56.0,1.4,0.8,1.8
Yadgir ,Karnataka,1020,99.0,95.2,48.8,26.4,33.2,93.3,82.6,13.4,57.6,45.2,26.0,76.0,57.3,0.0,0.1,0.2
Kolar ,Karnataka,1030,99.5,98.5,89.9,55.0,26.7,99.6,86.3,21.7,31.1,15.7,17.8,57.9,43.6,5.0,0.4,0.2
Chikkaballapura ,Karnataka,1067,99.9,98.1,89.4,48.0,27.1,99.0,76.6,18.1,31.3,25.2,22.6,59.0,45.5,0.4,0.4,0.6
Bangalore Rural ,Karnataka,986,99.2,97.9,93.6,56.3,14.1,100.0,92.7,17.6,36.6,23.8,14.1,60.8,44.2,0.9,0.2,0.2
Ramanagara ,Karnataka,1064,99.6,98.3,92.0,54.5,11.8,100.0,100.0,16.6,15.6,19.8,13.2,60.2,45.5,0.3,0.3,0.7
Kasaragod ,Kerala,1134,99.5,93.2,73.5,68.3,4.7,100.0,92.5,12.2,25.3,21.4,9.4,34.3,35.4,3.5,1.7,0.6
Kannur ,Kerala,1203,99.7,93.9,70.4,74.1,5.4,100.0,77.7,38.4,19.4,17.9,8.7,37.2,39.7,2.9,2.1,0.3
Wayanad ,Kerala,1019,97.0,94.1,55.7,68.0,8.4,100.0,86.4,14.1,31.3,22.5,14.0,39.4,26.9,1.5,1.2,0.2
Kozhikode ,Kerala,1112,99.6,93.3,73.8,84.3,4.2,100.0,88.8,25.1,21.3,18.9,8.4,32.1,29.8,2.3,1.6,1.1
Malappuram ,Kerala,1101,99.7,97.7,59.0,69.5,15.3,100.0,80.3,26.1,29.4,21.4,10.3,47.2,34.7,1.4,0.4,0.0
Palakkad ,Kerala,1148,98.9,94.7,67.5,63.2,14.1,100.0,51.8,23.7,29.7,27.7,12.9,51.9,49.6,3.7,1.1,0.6
Ernakulam ,Kerala,1046,100.0,98.2,88.4,83.8,2.9,99.1,82.6,11.3,22.0,19.4,8.0,36.4,31.7,2.9,2.0,0.7
Idukki ,Kerala,1029,99.0,82.3,54.3,73.2,7.1,100.0,89.6,36.5,24.3,23.6,9.0,32.0,32.0,3.5,2.6,0.6
Alappuzha ,Kerala,1108,99.9,98.4,79.2,78.8,3.8,99.4,61.9,17.9,20.1,20.4,14.3,30.3,31.9,4.7,2.6,0.7
Kollam ,Kerala,1171,99.8,95.7,80.1,80.6,1.8,100.0,85.4,17.3,15.5,17.0,9.5,32.5,36.0,4.5,2.2,0.5
Thiruvananthapuram ,Kerala,1145,99.9,92.9,72.2,83.1,6.2,99.5,72.8,32.3,19.5,15.2,6.6,33.0,33.0,6.7,6.8,1.2
Leh(Ladakh) ,Ladakh,967,99.8,87.1,93.5,49.8,2.5,96.4,88.9,29.2,24.3,19.0,5.3,95.5,93.5,0.2,0.0,0.2
Kargil ,Ladakh,975,99.1,90.2,58.1,50.3,2.5,93.7,87.5,18.5,36.5,21.8,3.5,87.9,92.0,0.4,0.4,0.2
Lakshadweep , Lakshadweep ,1187,99.8,92.9,59.4,67.8,1.3,99.6,86.1,19.0,32.0,25.8,8.0,43.1,25.8,1.7,0.5,0.3
Sheopur ,Madhya Pradesh,963,98.0,91.1,22.9,15.9,39.5,84.2,65.8,4.4,45.8,37.7,30.5,71.6,64.9,0.0,0.0,0.2
Morena ,Madhya Pradesh,964,99.5,97.1,32.6,25.6,27.8,94.8,69.7,8.2,40.0,29.6,22.3,74.7,67.5,0.0,0.0,0.4
Bhind ,Madhya Pradesh,979,98.2,95.5,31.0,28.9,25.1,93.5,70.7,13.6,32.2,29.0,24.3,75.6,69.9,0.4,0.2,0.6
Gwalior ,Madhya Pradesh,902,99.5,98.6,69.8,37.9,11.8,94.8,80.5,11.6,40.1,33.0,20.4,78.4,62.5,0.2,0.0,1.5
Datia ,Madhya Pradesh,916,99.8,95.8,31.2,27.8,27.7,89.4,79.6,2.8,36.8,29.4,23.0,72.8,58.6,0.7,0.7,1.1
Shivpuri ,Madhya Pradesh,898,97.2,86.8,32.7,21.2,32.5,94.5,63.1,7.2,39.2,36.1,26.7,70.5,51.1,0.9,0.0,0.0
Tikamgarh ,Madhya Pradesh,912,99.7,80.0,32.1,25.8,32.6,89.8,79.0,8.8,27.5,34.9,21.3,67.5,49.1,0.0,0.0,1.6
Chhatarpur ,Madhya Pradesh,929,96.8,86.5,30.1,24.7,39.2,85.2,72.9,6.8,45.1,34.6,25.2,87.2,63.5,3.9,3.4,3.2
Panna ,Madhya Pradesh,956,95.8,85.5,22.1,24.0,22.8,84.0,64.5,9.4,45.1,39.2,26.8,74.5,59.0,0.5,0.0,0.0
Sagar ,Madhya Pradesh,937,98.6,86.7,32.7,32.9,21.4,86.9,75.9,8.5,42.7,35.8,22.8,83.3,49.8,4.2,3.3,3.5
Damoh ,Madhya Pradesh,953,97.3,81.0,28.1,24.8,28.6,85.0,60.8,12.7,40.3,32.3,23.7,76.3,48.1,0.5,0.2,0.0
Satna ,Madhya Pradesh,1014,97.8,92.7,35.2,31.5,12.9,85.5,76.3,7.0,49.4,31.2,21.3,81.8,57.3,3.0,2.8,3.3
Rewa ,Madhya Pradesh,1055,96.5,82.1,21.4,23.1,28.2,80.4,70.3,10.1,37.0,31.5,16.5,78.0,61.7,0.3,0.0,0.2
Umaria ,Madhya Pradesh,1026,98.2,79.5,26.9,26.4,21.2,92.2,90.6,9.8,45.3,36.6,21.1,71.5,51.5,0.9,0.4,0.8
Neemuch ,Madhya Pradesh,982,99.6,91.7,52.4,27.9,29.3,97.5,88.7,3.3,33.0,27.7,18.8,77.2,50.3,0.3,0.2,0.0
Mandsaur ,Madhya Pradesh,974,99.9,77.6,45.6,24.1,34.8,99.4,75.1,1.2,30.9,22.9,29.4,65.4,56.7,0.4,0.2,0.6
Ratlam ,Madhya Pradesh,991,99.0,91.0,53.1,23.8,31.3,95.2,93.0,16.7,29.0,28.6,23.4,74.0,59.5,0.2,0.2,0.2
Ujjain ,Madhya Pradesh,957,99.3,94.7,60.7,29.0,33.4,97.1,93.7,11.2,34.7,36.2,21.1,81.6,54.5,0.7,0.2,0.4
Dewas ,Madhya Pradesh,946,99.6,93.6,51.0,27.7,28.1,92.2,87.1,13.1,36.8,30.7,22.5,79.4,51.3,0.2,0.0,0.8
Dhar ,Madhya Pradesh,991,97.6,89.2,44.8,23.8,26.5,95.5,75.4,4.6,28.8,35.9,17.1,65.0,50.2,0.7,0.7,1.0
Indore ,Madhya Pradesh,987,100.0,98.9,86.9,47.7,21.7,96.5,84.6,9.8,28.7,24.9,15.6,78.8,48.1,2.2,1.5,1.5
Khargone (West Nimar) ,Madhya Pradesh,936,98.8,97.0,61.6,27.2,13.3,92.8,77.4,6.6,31.4,44.0,16.7,71.5,50.1,0.1,0.3,0.3
Barwani ,Madhya Pradesh,997,99.3,90.4,40.5,19.3,29.6,85.1,76.1,11.1,45.8,41.0,27.1,78.2,58.4,1.0,0.5,0.7
Rajgarh ,Madhya Pradesh,969,97.8,74.2,24.8,21.3,46.0,91.7,71.9,5.2,27.6,26.8,28.0,77.5,52.3,0.9,0.4,0.4
Vidisha ,Madhya Pradesh,924,98.7,95.7,31.8,21.7,22.8,90.6,78.0,3.9,36.5,34.4,23.1,52.3,38.5,0.2,0.0,0.2
Sehore ,Madhya Pradesh,894,99.2,92.2,33.7,28.2,21.7,94.7,60.3,5.5,21.9,27.6,27.1,82.4,45.3,1.4,0.8,1.5
Betul ,Madhya Pradesh,993,98.1,87.1,36.0,38.7,11.2,87.6,80.9,9.9,30.8,31.4,24.7,57.8,56.2,0.4,0.2,0.2
Harda ,Madhya Pradesh,962,98.8,92.3,57.6,30.8,10.0,88.4,90.8,9.9,38.8,34.7,15.9,85.6,62.6,0.2,0.0,0.3
Hoshangabad ,Madhya Pradesh,951,97.2,93.5,47.3,35.5,16.7,91.8,73.5,11.2,34.8,27.2,21.9,78.8,51.9,1.2,0.4,0.4
Katni ,Madhya Pradesh,979,97.9,94.0,29.5,32.5,17.2,91.8,86.0,8.2,49.5,44.0,18.1,78.7,58.7,0.0,0.4,0.0
Narsimhapur ,Madhya Pradesh,950,99.0,99.8,36.7,31.4,19.6,91.4,82.7,18.1,32.0,28.1,25.1,73.4,46.9,0.4,0.0,0.0
Dindori ,Madhya Pradesh,1037,97.4,66.1,12.1,25.8,21.1,77.6,80.3,12.9,38.9,33.6,29.3,78.1,65.2,0.2,0.2,0.2
Mandla ,Madhya Pradesh,1052,96.8,79.7,22.3,30.5,15.0,87.6,88.9,7.3,32.1,33.0,26.8,70.2,60.6,0.2,0.0,0.2
Chhindwara ,Madhya Pradesh,1032,98.9,89.1,43.6,40.2,11.6,92.2,65.3,5.8,23.9,32.8,28.5,50.5,41.7,0.2,0.0,0.2
Seoni ,Madhya Pradesh,1089,99.2,79.1,29.0,33.0,11.2,94.8,88.8,12.1,23.5,31.1,26.6,71.8,59.9,0.0,0.0,0.0
Balaghat ,Madhya Pradesh,1037,98.7,83.3,31.1,39.2,4.4,95.1,75.8,9.7,41.9,44.9,30.2,56.8,60.6,0.2,0.0,0.1
Guna ,Madhya Pradesh,907,98.3,81.4,34.5,17.7,28.1,98.0,78.8,9.9,31.9,25.1,18.4,75.1,49.8,0.4,0.2,0.2
Ashoknagar ,Madhya Pradesh,935,98.6,90.1,20.3,17.6,29.7,91.3,69.1,3.1,32.6,31.1,26.1,59.7,46.1,1.5,0.0,0.2
Shahdol ,Madhya Pradesh,979,97.5,79.2,26.5,30.7,27.5,85.6,86.1,6.2,44.0,39.2,28.3,57.3,56.4,0.0,0.0,0.0
Anuppur ,Madhya Pradesh,1008,97.0,79.8,21.7,28.6,18.6,84.8,86.6,6.3,24.0,30.7,26.5,49.2,52.6,0.5,0.0,0.0
Sidhi ,Madhya Pradesh,1053,96.4,83.7,20.9,27.1,23.0,83.8,78.2,13.2,39.1,32.8,22.9,72.5,55.7,0.0,0.0,0.0
Singrauli ,Madhya Pradesh,915,92.7,77.9,31.7,29.9,24.7,69.9,76.9,6.4,37.3,36.0,25.6,56.6,54.1,0.6,0.3,0.0
Jhabua ,Madhya Pradesh,1061,98.9,85.2,17.5,16.0,36.5,92.9,88.9,15.7,49.3,41.7,29.2,80.1,58.8,1.6,0.7,1.1
Alirajpur ,Madhya Pradesh,1008,98.5,89.6,17.4,17.3,30.7,83.2,84.1,6.6,34.6,31.6,19.6,76.4,60.5,0.0,0.0,0.0
Khandwa (East Nimar) ,Madhya Pradesh,999,99.3,88.7,48.3,27.9,10.8,93.2,87.9,3.5,38.4,35.3,21.7,86.8,64.8,0.0,0.4,0.3
Burhanpur ,Madhya Pradesh,941,98.3,96.0,68.2,26.3,17.8,90.7,91.7,16.8,38.7,47.2,20.9,77.9,57.3,0.9,0.2,0.2
Agar Malwa ,Madhya Pradesh,919,99.5,81.4,39.5,19.3,35.6,98.9,75.8,0.0,40.3,35.7,26.7,71.6,59.2,0.3,0.3,0.3
Shajapur ,Madhya Pradesh,957,99.9,91.8,37.7,19.6,24.4,98.1,90.0,8.2,27.8,27.6,23.1,76.1,45.8,1.0,0.7,0.9
Nandurbar ,Maharastra,961,96.2,94.6,40.3,29.9,24.0,76.3,72.4,9.6,45.8,57.2,36.1,79.3,64.2,0.7,1.2,0.4
Dhule ,Maharastra,999,96.0,89.9,65.1,40.8,40.5,77.2,56.6,11.4,37.6,46.0,26.5,72.2,61.2,0.4,0.3,0.2
Jalgaon ,Maharastra,983,96.8,94.3,79.5,40.8,28.0,86.5,61.3,15.6,36.3,36.9,22.2,85.2,65.2,0.4,0.3,0.2
Buldana ,Maharastra,957,97.1,89.7,69.2,41.8,24.1,93.9,85.9,4.1,45.0,47.2,21.6,79.4,57.8,1.0,0.0,0.4
Akola ,Maharastra,951,97.6,95.1,75.5,52.7,13.5,97.7,69.5,4.0,31.8,30.8,16.1,77.5,52.6,1.6,0.4,0.5
Washim ,Maharastra,948,97.2,73.7,61.4,42.0,27.7,92.9,71.6,3.3,35.3,39.3,20.1,70.4,56.4,1.8,0.6,0.9
Amravati ,Maharastra,994,99.1,95.8,71.7,55.0,9.8,91.3,92.5,13.4,29.0,38.0,20.5,74.4,53.4,0.5,0.0,0.0
Wardha ,Maharastra,979,98.8,98.5,83.9,56.5,9.0,98.8,92.4,7.3,27.7,31.3,17.1,71.4,60.0,0.4,0.0,0.2
Nagpur ,Maharastra,971,99.5,99.5,96.0,67.6,7.1,100.0,89.4,4.6,27.6,33.9,17.1,70.5,53.6,0.8,0.3,0.7
Bhandara ,Maharastra,1004,98.8,92.0,71.4,53.9,1.5,100.0,87.0,8.4,31.3,33.9,25.8,72.8,65.3,0.7,0.2,0.5
Gondiya ,Maharastra,994,98.2,91.6,68.0,54.1,6.5,99.1,88.2,7.2,36.9,35.6,23.4,78.0,60.4,0.9,0.6,0.7
Gadchiroli ,Maharastra,1048,95.8,83.0,60.5,42.3,10.1,97.3,97.9,4.5,35.7,35.4,24.3,76.6,66.2,1.1,0.9,0.9
Chandrapur ,Maharastra,974,98.9,96.5,85.1,57.5,9.0,99.6,95.0,6.8,37.3,46.6,26.5,76.6,55.5,1.0,0.2,0.6
Yavatmal ,Maharastra,986,97.2,89.5,71.8,38.9,11.7,96.3,74.7,2.6,36.6,39.4,23.2,75.2,58.4,1.3,0.4,0.0
Nanded ,Maharastra,970,96.4,94.8,64.5,31.6,32.2,94.8,75.7,3.8,36.0,35.2,22.9,76.1,57.3,1.6,0.2,0.0
Hingoli ,Maharastra,962,98.1,92.4,53.1,33.2,37.1,94.0,76.9,11.5,37.4,38.9,24.9,72.5,51.3,0.7,0.0,0.0
Parbhani ,Maharastra,966,96.8,89.0,54.8,28.8,48.0,85.6,52.0,1.9,37.6,41.8,20.4,75.4,58.8,3.8,0.9,0.2
Jalna ,Maharastra,948,95.7,82.8,56.4,34.3,35.0,92.8,54.3,5.2,38.0,39.0,23.3,68.3,58.2,2.4,1.4,1.9
Aurangabad ,Maharastra,978,97.0,91.7,78.4,48.4,35.8,94.8,56.7,11.7,34.2,42.9,20.3,64.5,52.4,2.5,0.2,0.4
Nashik ,Maharastra,913,95.3,86.3,72.5,42.6,29.6,90.5,70.4,13.5,42.2,44.8,25.6,67.3,56.2,0.4,0.2,0.0
Raigarh ,Maharastra,1003,97.9,87.8,83.3,45.0,16.0,96.6,92.3,5.9,35.8,34.1,21.8,67.0,54.2,1.0,0.6,0.4
Pune ,Maharastra,918,99.4,96.9,89.5,61.2,24.0,98.0,58.1,9.6,30.7,32.7,19.6,58.7,51.9,3.8,2.3,0.9
Ahmadnagar ,Maharastra,967,94.5,90.0,77.4,45.7,26.9,97.9,83.5,9.8,31.7,41.2,21.5,64.5,50.3,1.3,0.2,0.2
Bid ,Maharastra,934,94.8,85.4,54.4,38.6,43.7,94.0,75.9,3.2,40.8,36.8,20.8,61.0,50.8,4.9,0.8,0.7
Latur ,Maharastra,979,97.2,94.6,78.5,40.7,31.0,94.7,79.2,14.0,43.2,33.9,24.2,59.5,50.7,0.9,0.5,0.4
Osmanabad ,Maharastra,992,96.8,96.4,69.7,41.5,36.6,98.1,89.3,12.8,37.2,32.5,19.1,67.4,49.1,4.3,0.0,0.0
Solapur ,Maharastra,962,97.1,90.4,73.1,36.0,40.3,96.2,83.6,7.9,36.3,32.9,21.2,70.9,54.5,1.3,0.3,0.5
Satara ,Maharastra,1049,97.9,95.6,82.1,48.3,18.1,97.1,82.8,15.9,20.2,28.0,22.9,68.9,49.6,1.2,0.5,0.0
Ratnagiri ,Maharastra,1069,99.2,90.9,58.1,41.2,4.4,97.8,77.2,8.6,31.7,29.5,25.8,69.4,43.4,1.4,0.4,0.2
Sindhudurg ,Maharastra,1035,99.4,73.2,66.0,49.4,5.0,100.0,76.3,2.6,30.8,32.0,21.5,55.6,41.2,1.9,0.6,0.4
Kolhapur ,Maharastra,1025,98.8,97.3,84.7,53.8,21.0,99.2,67.2,15.1,33.6,34.7,19.2,66.4,50.1,9.4,8.5,8.3
Sangli ,Maharastra,1027,98.2,96.8,87.3,54.6,27.0,98.0,75.0,5.3,35.0,27.2,15.0,62.7,47.5,3.9,4.1,4.1
Palghar ,Maharastra,963,97.7,91.1,75.0,48.3,14.6,94.2,94.0,5.2,33.0,37.1,27.9,70.3,56.9,1.8,0.4,0.0
Thane ,Maharastra,982,99.3,96.7,90.4,55.9,18.4,93.6,74.9,4.6,40.8,30.8,18.9,67.9,58.8,4.3,3.0,4.8
Senapati ,Manipur,1053,98.8,64.4,50.0,39.6,15.5,45.8,65.0,21.9,27.3,12.9,5.3,48.5,27.4,1.5,0.7,0.0
Tamenglong ,Manipur,1032,93.6,51.6,30.5,33.1,19.9,57.7,67.4,26.5,27.1,19.3,4.6,37.0,27.3,2.2,0.7,0.3
Churachandpur ,Manipur,1144,94.0,62.5,62.3,36.6,10.5,72.9,64.9,23.6,25.1,9.8,7.1,41.1,32.0,0.6,0.5,0.4
Bishnupur ,Manipur,1094,98.6,77.7,71.3,48.7,20.9,89.5,66.6,21.1,15.5,11.7,7.7,42.4,35.8,1.7,1.1,0.2
Thoubal ,Manipur,1095,98.6,72.5,74.7,40.7,17.5,87.8,74.2,22.9,31.5,14.9,7.3,39.7,24.2,2.9,0.7,0.2
Imphal West ,Manipur,1041,99.4,89.1,88.6,61.9,15.3,95.7,74.1,13.0,15.6,10.2,6.3,41.8,26.8,2.5,2.0,1.9
Imphal East ,Manipur,1059,98.6,90.2,79.0,49.9,15.2,91.7,76.2,19.2,18.4,14.4,8.7,50.3,35.9,2.3,3.3,1.9
Ukhrul ,Manipur,969,95.0,50.9,22.9,49.7,11.1,44.6,39.4,15.3,27.1,16.0,9.7,34.6,21.9,2.0,0.0,0.3
Chandel ,Manipur,1077,99.9,68.6,52.0,43.3,22.3,55.5,55.5,14.2,34.0,14.7,3.7,42.4,27.3,1.1,0.0,0.1
South Garo Hills ,Meghalaya,984,98.6,60.4,22.3,38.4,10.2,88.3,86.8,23.0,29.8,20.8,6.6,33.6,56.2,0.2,0.0,0.0
Ribhoi ,Meghalaya,998,92.1,86.2,21.0,23.1,20.3,56.9,74.8,37.3,42.5,29.6,15.5,45.7,62.4,0.6,0.4,0.4
East Khasi Hills ,Meghalaya,1049,96.6,90.0,47.4,43.5,14.6,63.4,49.1,34.8,44.6,23.8,11.6,39.0,48.2,1.3,1.3,0.8
East Garo Hills ,Meghalaya,1026,97.4,67.0,29.1,40.5,13.7,73.8,72.4,43.9,39.7,26.5,8.5,28.0,50.9,0.2,0.2,1.1
East Jantia Hills ,Meghalaya,1066,85.1,74.6,26.5,23.0,25.3,48.4,74.4,25.5,49.8,23.6,13.5,47.2,43.9,0.7,0.0,0.6
North Garo Hills ,Meghalaya,1009,97.5,51.5,24.4,38.4,13.2,61.5,47.5,13.2,35.6,15.8,7.7,30.2,58.4,0.0,0.0,0.2
South West Garo Hills ,Meghalaya,995,95.5,58.6,33.9,33.0,15.3,83.7,85.4,30.0,32.2,26.4,8.5,35.5,62.5,0.0,0.0,0.0
South West Khasi Hills ,Meghalaya,1025,87.9,85.3,11.6,23.4,21.6,41.7,78.8,31.2,51.4,27.6,17.2,61.3,58.9,0.2,0.0,0.2
West Garo Hills ,Meghalaya,1025,94.7,83.7,47.6,45.1,10.4,89.6,77.1,17.2,39.5,26.3,7.7,30.2,55.3,0.0,0.2,0.0
West Jaintia Hills ,Meghalaya,1143,75.4,70.6,20.7,24.7,19.9,42.2,59.7,24.5,48.7,28.3,9.6,54.6,55.9,0.5,0.1,0.4
West Khasi Hills ,Meghalaya,1038,85.0,80.5,8.6,16.4,30.3,41.7,62.5,27.5,59.0,31.1,14.6,56.2,51.8,0.8,0.0,0.2
Chandel ,Mizoram,1077,99.9,68.6,52.0,43.3,22.3,55.5,55.5,14.2,34.0,14.7,3.7,42.4,27.3,1.1,0.0,0.1
Mamit ,Mizoram,991,97.9,97.3,73.3,40.0,16.8,75.0,85.9,6.8,26.4,13.9,4.1,45.5,34.9,4.9,2.4,0.8
Kolasib ,Mizoram,1002,99.1,95.3,87.5,41.7,13.7,91.4,80.4,23.2,30.4,12.6,5.9,53.8,37.7,6.3,1.9,0.7
Aizawl ,Mizoram,1052,99.7,98.3,95.4,60.7,3.2,97.4,66.4,17.9,25.3,9.6,3.8,44.0,31.7,10.8,4.7,1.6
Champhai ,Mizoram,944,100.0,98.6,79.4,47.8,11.0,96.7,85.3,5.6,27.2,13.1,5.8,38.3,25.7,3.7,0.6,0.2
Serchhip ,Mizoram,981,99.3,97.7,81.8,43.1,7.2,96.2,84.7,12.1,31.8,14.4,5.9,43.2,32.1,8.0,1.5,0.8
Lunglei ,Mizoram,1004,98.0,96.0,79.9,46.3,4.8,82.7,73.8,9.4,26.5,11.1,6.2,45.7,34.9,2.2,0.4,0.2
Lawngtlai ,Mizoram,1051,89.0,82.2,56.3,32.2,16.0,53.7,70.2,9.2,32.7,16.9,7.1,55.3,48.5,2.7,1.5,0.5
Mon ,Nagaland,1006,96.4,86.7,13.0,24.3,3.0,21.4,62.4,5.8,35.5,23.3,8.7,39.4,30.2,0.3,0.3,0.0
Mokokchung ,Nagaland,1041,97.7,97.4,46.2,55.8,6.0,51.5,92.0,6.9,31.4,22.9,11.3,35.5,25.0,0.0,0.4,0.0
Zunheboto ,Nagaland,1132,99.4,91.0,18.6,40.2,4.0,35.0,60.7,20.8,44.0,44.5,5.6,34.9,31.1,0.2,0.4,0.7
Wokha ,Nagaland,1105,99.7,83.4,41.2,45.3,3.2,43.6,42.8,28.8,26.3,28.0,8.8,45.4,30.9,0.0,0.0,0.0
Dimapur ,Nagaland,1010,99.8,92.4,84.2,52.5,4.4,73.7,55.9,17.3,28.3,29.8,9.6,48.9,34.7,0.2,0.0,0.7
Phek ,Nagaland,1021,99.4,98.1,24.2,39.4,6.5,32.2,54.6,14.5,28.0,15.6,14.8,44.9,30.0,0.0,0.0,0.0
Tuensang ,Nagaland,946,96.6,90.4,19.7,27.0,10.4,34.8,39.9,13.0,37.1,34.2,15.9,38.8,28.8,0.9,0.7,0.5
Longleng ,Nagaland,969,99.1,76.3,11.8,23.8,11.0,38.7,53.0,20.1,34.1,25.7,14.4,40.4,34.6,0.8,0.6,0.7
Kiphire ,Nagaland,954,97.9,90.9,16.4,22.0,22.5,34.8,42.8,12.0,36.9,25.0,13.9,55.2,31.4,1.2,1.1,0.9
Kohima ,Nagaland,954,99.5,89.9,61.7,70.9,1.0,66.9,82.8,18.0,28.3,22.1,11.7,38.4,14.9,0.1,0.4,0.4
Peren ,Nagaland,1079,98.2,92.5,31.4,35.5,9.1,43.5,63.3,11.0,34.9,20.7,6.6,51.0,29.7,0.3,0.2,0.2
Central ,NCT of Delhi,901,99.8,99.7,98.8,57.1,11.2,92.2,82.1,18.2,33.5,25.5,10.4,70.3,44.6,1.5,1.1,2.5
East ,NCT of Delhi,885,99.5,98.4,99.1,57.2,12.8,92.6,74.6,23.0,35.2,29.9,11.9,65.9,42.5,0.1,0.2,0.0
New Delhi ,NCT of Delhi,859,100.0,99.1,98.3,57.9,10.2,91.8,82.2,15.6,27.4,20.7,12.8,72.9,56.0,1.5,0.7,1.2
North ,NCT of Delhi,905,99.8,99.3,98.1,53.9,17.0,89.7,66.2,16.8,25.0,17.4,9.2,67.5,47.2,1.1,0.9,1.0
North East ,NCT of Delhi,906,99.9,98.2,99.7,59.8,5.0,89.2,86.4,29.5,38.7,21.8,9.6,62.5,45.9,1.0,0.0,0.0
North West ,NCT of Delhi,904,100.0,99.7,99.1,62.9,10.1,94.0,78.3,10.2,26.9,22.8,9.0,73.6,51.4,0.4,0.2,0.0
Shahdara ,NCT of Delhi,935,99.9,99.8,99.8,58.4,7.3,95.8,82.5,8.3,32.9,30.2,11.0,71.4,49.2,0.8,0.4,0.4
South ,NCT of Delhi,922,99.9,100.0,97.7,61.6,6.6,82.0,86.2,17.8,33.4,18.9,10.1,65.4,46.2,0.4,0.2,0.4
South East ,NCT of Delhi,949,99.7,100.0,99.1,65.5,7.5,96.1,64.6,17.0,21.7,20.4,7.7,72.7,47.9,0.6,0.2,0.5
South West ,NCT of Delhi,881,100.0,99.7,99.3,68.4,7.5,92.5,77.3,15.2,27.1,16.8,9.0,70.1,56.4,0.5,0.0,1.6
West ,NCT of Delhi,953,100.0,99.8,99.0,56.3,10.5,91.8,67.5,12.9,36.1,19.0,10.5,68.5,57.2,0.4,0.0,1.9
Bargarh ,Odisha,957,98.4,98.0,31.9,37.4,8.6,99.6,95.9,17.1,38.9,30.0,19.0,56.2,62.6,0.4,0.4,0.9
Jharsuguda ,Odisha,956,98.1,88.4,41.8,40.9,8.5,98.6,97.6,26.7,27.1,26.9,21.2,65.5,67.8,0.2,0.0,0.2
Sambalpur ,Odisha,1067,98.8,93.0,42.6,36.5,7.4,99.5,98.0,17.4,40.7,36.3,19.7,64.5,66.7,0.3,0.3,0.0
Debagarh ,Odisha,1053,95.3,86.2,18.4,31.3,19.2,91.2,100.0,13.0,28.4,34.3,23.3,61.5,72.2,0.9,0.0,0.2
Sundargarh ,Odisha,1030,97.1,91.5,40.2,35.6,12.9,91.3,82.0,14.7,32.9,34.7,21.1,77.1,69.8,0.2,0.0,0.2
Kendujhar ,Odisha,1115,91.1,92.9,27.9,29.5,29.0,80.4,86.0,15.1,36.2,37.1,25.9,64.6,69.2,0.2,0.0,0.0
Mayurbhanj ,Odisha,1056,90.3,80.1,16.1,25.1,31.3,91.7,84.4,23.7,36.7,45.9,30.2,71.7,72.2,0.5,0.2,0.0
Baleshwar ,Odisha,1073,97.1,98.5,28.4,38.3,26.4,97.6,94.1,21.7,24.4,22.6,23.9,43.2,61.8,1.4,0.4,0.8
Bhadrak ,Odisha,1150,97.8,100.0,22.9,37.0,10.4,96.1,83.7,23.1,32.3,28.9,24.7,68.7,64.0,1.5,0.4,0.0
Kendrapara ,Odisha,1127,99.5,99.7,27.9,42.5,9.4,96.7,82.8,23.3,28.6,17.9,20.5,61.5,58.8,1.3,0.6,0.4
Jagatsinghapur ,Odisha,1095,98.2,99.5,30.5,46.6,12.0,98.3,91.3,31.2,13.2,11.0,12.9,58.2,59.8,1.6,0.5,0.3
Cuttack ,Odisha,1019,98.2,92.3,45.1,40.9,14.2,98.9,90.4,21.3,20.4,18.9,15.7,63.8,64.5,2.9,0.4,0.0
Jajapur ,Odisha,1018,97.0,92.0,28.4,38.0,11.4,93.8,79.5,13.9,25.5,21.8,24.4,66.4,63.4,4.6,0.6,0.6
Dhenkanal ,Odisha,1047,96.3,63.4,28.8,33.3,23.7,94.8,88.6,25.6,33.3,30.0,18.9,62.0,65.9,0.6,0.0,0.0
Anugul ,Odisha,1027,96.7,76.2,23.8,33.7,25.0,85.7,87.0,18.7,28.1,30.5,20.6,75.3,75.8,1.8,0.0,0.0
Nayagarh ,Odisha,1083,98.3,82.9,42.3,27.1,35.7,98.3,96.1,20.3,20.0,20.2,13.1,55.2,62.5,1.0,0.2,0.0
Khordha ,Odisha,1024,99.5,94.6,63.3,43.2,17.1,97.8,87.9,13.8,17.1,16.9,10.0,56.1,68.1,0.0,0.0,0.2
Puri ,Odisha,1045,99.5,98.5,34.4,38.1,10.2,97.7,95.8,20.6,13.8,11.3,12.9,51.0,63.3,0.9,0.2,0.5
Ganjam ,Odisha,1165,99.3,89.6,63.7,32.6,22.3,93.0,88.5,22.3,23.9,18.9,11.2,61.3,56.7,0.3,0.3,0.7
Gajapati ,Odisha,1087,94.1,78.1,28.9,22.5,28.1,76.4,92.6,18.8,43.4,34.3,23.5,64.4,66.1,0.3,0.3,0.0
Kandhamal ,Odisha,1052,96.6,64.4,24.1,28.1,20.0,93.9,96.8,22.1,34.2,35.2,21.0,55.3,48.9,0.4,0.2,0.2
Baudh ,Odisha,1009,96.3,92.5,30.9,29.9,25.3,93.4,91.8,19.6,37.0,38.6,22.1,56.2,54.1,1.2,0.2,0.2
Subarnapur ,Odisha,974,98.7,94.2,41.6,37.8,16.9,96.1,98.0,22.5,29.6,34.5,20.5,73.1,58.8,0.5,0.2,0.2
Balangir ,Odisha,1056,97.8,92.9,32.6,31.4,14.0,97.9,95.8,29.6,32.7,37.6,21.5,74.9,59.4,0.2,0.0,0.0
Nuapada ,Odisha,1060,94.6,97.5,23.2,27.3,15.6,89.8,97.0,25.3,43.1,38.0,30.7,73.5,64.0,0.5,0.0,0.8
Kalahandi ,Odisha,1051,97.2,96.5,28.9,26.5,16.3,92.8,91.3,16.4,33.0,33.6,23.8,68.8,64.2,0.0,0.0,0.0
Rayagada ,Odisha,1110,96.6,91.3,30.2,19.1,33.2,68.9,92.7,24.7,43.6,39.8,26.7,70.5,69.1,0.2,0.2,0.2
Nabarangapur ,Odisha,1060,97.4,99.1,19.0,15.5,39.4,87.6,94.8,16.8,44.1,46.6,30.9,70.8,69.3,0.2,0.0,0.0
Koraput ,Odisha,1079,96.2,89.5,31.5,17.6,35.5,82.1,98.0,17.2,43.1,33.5,27.2,69.7,58.2,0.0,0.0,0.2
Malkangiri ,Odisha,1137,95.8,94.7,20.9,14.0,32.4,90.7,94.8,19.8,44.3,41.6,38.6,78.7,71.9,0.6,0.0,0.0
Yanam ,Puducherry,1089,99.8,100.0,98.6,51.6,15.9,100.0,79.7,1.3,25.0,18.7,8.5,39.7,43.1,0.7,0.2,2.3
Puducherry ,Puducherry,1106,100.0,100.0,95.0,67.2,5.7,99.5,80.1,25.5,17.0,13.1,8.1,66.3,56.8,9.2,5.0,1.9
Mahe ,Puducherry,1164,99.7,98.0,90.9,88.2,2.8,100.0,95.3,38.5,48.2,32.6,6.2,36.9,38.4,4.3,2.1,1.6
Karaikal ,Puducherry,1132,99.6,99.9,81.2,59.0,7.2,99.6,88.9,17.9,25.5,19.7,12.7,65.5,54.4,3.0,2.5,0.1
Kapurthala ,Punjab,998,99.8,99.4,84.2,60.3,6.9,95.0,65.7,14.0,24.6,19.2,11.5,68.7,54.5,2.3,0.0,0.0
Jalandhar ,Punjab,997,99.6,99.9,82.3,64.4,7.4,92.3,91.3,12.9,24.8,16.7,11.9,69.2,57.0,3.3,0.2,1.0
Hoshiarpur ,Punjab,999,99.9,99.9,77.3,73.2,4.7,98.3,92.9,12.6,19.3,12.4,10.8,69.6,54.1,4.3,0.2,0.0
Shahid Bhagat Singh Nagar ,Punjab,1004,100.0,99.7,76.4,65.4,6.4,99.3,100.0,7.7,17.9,11.2,9.8,63.9,49.8,3.5,0.3,0.1
Fatehgarh Sahib ,Punjab,899,99.6,99.7,74.3,62.3,7.3,96.6,83.6,13.0,30.0,18.2,9.8,61.5,65.1,2.3,0.6,0.8
Ludhiana ,Punjab,918,99.7,99.9,83.2,61.6,6.5,90.1,73.2,14.1,22.1,12.4,10.1,77.9,64.3,0.8,0.4,0.3
Moga ,Punjab,906,99.9,99.2,71.5,45.2,13.1,93.0,80.6,2.8,22.0,16.8,13.4,70.3,54.4,0.5,0.0,0.0
Muktsar ,Punjab,942,99.5,97.8,72.9,39.8,8.6,96.4,57.6,11.7,35.0,30.7,18.4,69.0,61.0,0.5,0.0,0.2
Faridkot ,Punjab,924,99.0,92.5,79.1,46.5,11.9,94.3,70.8,16.9,28.1,20.7,16.3,76.1,63.2,0.9,0.3,0.7
Bathinda ,Punjab,861,100.0,99.1,78.1,41.1,14.2,93.1,66.5,16.2,23.0,23.8,16.5,69.6,59.7,2.3,0.8,0.5
Mansa ,Punjab,924,99.5,99.3,52.3,37.5,11.5,88.8,79.1,11.7,36.6,22.7,16.1,78.2,60.4,3.4,0.3,0.0
Patiala ,Punjab,922,99.7,99.1,80.4,56.0,7.8,97.3,74.7,12.6,20.3,16.9,14.0,76.7,65.3,0.2,0.2,1.2
Amritsar ,Punjab,921,99.9,99.6,82.9,56.7,9.2,95.9,65.8,8.2,19.4,11.2,9.6,73.6,52.1,6.5,0.8,0.4
Tarn Taran ,Punjab,978,99.7,95.6,66.2,40.4,10.7,96.0,81.8,5.6,23.8,14.4,12.5,70.5,61.7,0.3,0.0,0.7
Rupnagar ,Punjab,991,99.8,98.5,63.9,64.0,2.4,97.8,76.5,8.3,15.1,15.3,13.4,65.5,64.5,0.0,0.0,0.4
Sahibzada Ajit Singh Nagar ,Punjab,876,99.6,99.9,88.9,62.5,10.6,97.4,71.1,18.0,26.2,23.0,9.5,63.7,59.5,1.3,0.0,0.0
Sangrur ,Punjab,937,99.6,99.7,69.8,54.4,8.0,94.7,89.6,7.8,23.4,18.1,14.1,66.9,52.6,2.6,0.7,0.5
Barnala ,Punjab,883,99.8,99.8,73.5,53.1,12.8,96.7,68.5,20.5,33.8,16.5,13.0,60.6,55.2,0.5,0.5,0.7
Fazilka ,Punjab,944,99.8,97.3,57.1,41.3,12.4,91.7,60.5,13.0,35.9,20.2,19.4,70.0,66.9,5.2,0.2,0.0
Firozpur ,Punjab,958,99.6,95.6,68.6,47.5,10.5,95.5,74.5,6.4,30.0,22.0,12.6,73.4,61.5,9.4,0.0,0.2
Gurdaspur ,Punjab,952,99.1,97.6,81.3,64.6,6.5,92.4,80.0,14.6,25.1,15.3,11.1,70.1,55.2,0.3,0.2,0.0
Pathankot ,Punjab,952,99.9,98.6,79.8,74.0,4.6,94.8,77.4,8.7,22.1,10.8,11.0,68.3,55.0,0.9,0.4,0.5
Ganganagar ,Rajasthan,957,96.9,94.4,45.5,39.3,13.6,97.7,89.7,12.3,24.5,26.1,14.3,72.3,59.0,0.2,0.0,0.0
Hanumangarh ,Rajasthan,1015,99.0,97.8,36.2,38.4,18.6,94.9,83.3,7.1,24.2,21.3,19.3,81.0,60.3,0.8,0.4,0.6
Bikaner ,Rajasthan,968,96.1,94.9,51.4,30.2,33.3,90.0,75.6,10.2,22.8,28.5,17.8,82.4,58.9,0.0,0.2,0.2
Churu ,Rajasthan,1037,96.6,98.2,40.6,33.4,27.9,87.8,74.3,11.2,27.1,23.4,20.3,78.1,52.9,0.5,0.1,0.4
Jhunjhunun ,Rajasthan,1063,99.0,98.4,55.5,45.2,18.1,97.1,88.7,10.7,20.9,19.6,20.0,77.2,55.4,0.7,0.2,0.2
Alwar ,Rajasthan,991,97.8,97.6,34.9,35.1,32.2,91.3,59.4,11.2,33.9,24.0,24.3,63.2,53.2,1.5,0.6,0.2
Bharatpur ,Rajasthan,970,98.3,93.9,24.3,30.3,33.5,92.1,64.1,11.8,40.3,29.1,23.5,75.7,60.8,1.4,0.3,0.6
Dhaulpur ,Rajasthan,1002,97.5,94.8,36.5,27.0,29.6,94.4,85.9,5.8,45.7,31.3,21.5,81.7,68.5,0.4,0.6,0.0
Karauli ,Rajasthan,996,98.7,94.8,24.2,22.7,33.5,97.6,88.9,6.3,37.6,37.3,23.0,75.9,61.5,1.0,0.0,0.2
Sawai Madhopur ,Rajasthan,999,95.5,92.5,29.1,28.3,35.4,97.4,54.9,10.4,26.9,24.2,25.8,73.3,57.5,0.2,0.2,0.2
Dausa ,Rajasthan,986,99.0,99.4,22.6,34.6,26.3,98.2,92.1,5.8,37.7,33.5,22.7,74.4,60.3,1.2,0.3,0.0
Jaipur ,Rajasthan,944,99.5,99.9,60.1,47.9,23.1,97.3,89.3,5.8,25.0,20.8,16.6,71.3,54.1,1.3,0.4,0.1
Sikar ,Rajasthan,1061,99.2,99.4,58.4,41.4,18.0,95.8,70.0,12.0,23.1,18.3,21.4,61.5,44.0,0.3,0.1,0.3
Nagaur ,Rajasthan,1055,99.0,96.9,45.7,32.3,28.2,97.0,80.6,7.3,31.5,26.2,18.9,65.1,45.3,0.1,0.1,0.1
Jodhpur ,Rajasthan,1042,98.4,96.5,56.1,34.6,28.1,90.0,81.2,12.5,32.6,25.4,16.9,64.4,43.4,0.0,0.2,0.3
Jaisalmer ,Rajasthan,987,97.3,95.2,30.9,18.7,28.9,90.0,72.0,6.1,25.5,31.7,16.3,58.6,44.4,0.0,0.0,0.0
Barmer ,Rajasthan,986,95.5,99.9,26.8,25.6,20.2,93.3,92.9,9.0,39.1,31.7,19.7,67.1,49.4,0.2,0.0,0.0
Jalor ,Rajasthan,982,98.4,98.3,36.5,22.2,23.3,95.5,78.0,5.0,44.3,36.5,19.7,66.3,59.9,0.1,0.1,0.1
Sirohi ,Rajasthan,1060,93.9,93.6,46.0,25.7,18.0,95.7,86.4,4.3,30.7,31.2,17.7,75.8,64.0,0.3,0.0,0.3
Pali ,Rajasthan,1085,99.7,96.2,53.1,36.6,11.8,98.8,90.2,5.5,35.9,35.9,16.3,72.6,58.8,0.0,0.0,0.0
Ajmer ,Rajasthan,993,99.9,98.1,52.9,40.2,20.2,95.1,78.9,5.1,22.3,23.1,14.2,76.3,52.7,0.4,0.2,0.2
Tonk ,Rajasthan,987,97.8,90.9,24.1,27.3,37.2,97.4,75.3,6.0,33.1,28.2,23.8,64.6,52.8,0.1,0.0,0.3
Bundi ,Rajasthan,1002,98.4,95.7,26.5,27.4,34.1,95.3,75.7,10.8,30.0,29.1,29.6,74.9,55.9,0.0,0.2,0.2
Bhilwara ,Rajasthan,1069,99.3,93.1,26.5,25.3,41.8,95.0,83.2,5.8,22.6,23.5,16.3,62.7,50.4,0.0,0.0,0.0
Rajsamand ,Rajasthan,1065,98.9,94.8,37.1,33.9,27.5,95.1,71.7,7.6,30.3,23.7,18.1,84.3,58.4,0.0,0.0,0.0
Dungarpur ,Rajasthan,1029,99.4,94.1,27.3,32.5,16.9,94.1,83.3,4.7,31.4,25.9,26.8,79.8,72.6,0.0,0.0,0.3
Banswara ,Rajasthan,1056,93.1,95.6,21.1,28.5,25.0,97.7,83.0,9.7,44.6,38.7,23.3,82.1,52.8,0.0,0.0,0.0
Chittaurgarh ,Rajasthan,1037,99.0,97.6,31.3,24.8,42.6,96.8,87.8,5.2,31.4,25.9,20.2,72.4,45.1,0.2,0.2,0.3
Kota ,Rajasthan,981,99.4,99.6,72.3,44.0,13.2,97.9,84.4,9.3,29.5,26.4,15.5,66.7,51.8,0.3,0.3,0.7
Baran ,Rajasthan,1019,98.3,96.1,39.6,24.4,26.8,97.3,89.3,11.1,46.0,40.2,20.5,65.1,60.1,0.2,0.0,0.0
Jhalawar ,Rajasthan,977,99.3,92.4,33.8,22.4,37.8,98.3,81.5,5.8,34.0,38.1,19.8,73.1,51.5,0.2,0.0,0.3
Udaipur ,Rajasthan,998,98.1,92.7,34.3,30.1,18.2,96.1,86.8,6.1,34.0,26.6,17.5,76.9,60.5,0.0,0.0,0.0
Pratapgarh ,Rajasthan,1038,97.0,88.6,23.0,23.5,30.9,96.4,75.8,8.0,29.0,31.8,24.1,65.8,53.1,0.2,0.2,0.0
North  District ,Sikkim,997,98.9,94.7,65.9,37.7,16.0,97.3,90.8,25.3,31.8,15.3,3.4,53.5,36.7,1.2,0.4,0.0
West District ,Sikkim,959,98.8,89.9,69.8,43.9,14.1,99.3,96.9,28.4,25.2,19.3,3.0,67.1,42.7,0.5,0.5,0.7
South District ,Sikkim,973,99.6,93.3,66.5,45.7,9.9,97.4,86.4,20.7,24.8,7.2,4.6,56.5,39.8,1.6,0.0,0.0
Thiruvallur ,Tamil Nadu,979,99.8,100.0,93.4,57.2,13.4,100.0,88.6,26.3,18.1,20.6,10.5,58.4,56.8,10.8,7.9,3.9
Chennai ,Tamil Nadu,1037,99.9,98.7,97.7,76.7,1.9,100.0,96.6,15.1,20.4,21.9,7.4,55.3,50.3,8.6,6.3,1.1
Kancheepuram ,Tamil Nadu,1002,99.4,99.4,88.1,56.8,10.0,100.0,69.1,21.7,20.6,19.8,12.6,68.8,57.0,6.8,6.8,1.7
Vellore ,Tamil Nadu,1070,99.3,97.7,85.3,52.5,14.9,99.5,92.7,9.9,29.8,19.7,11.4,60.9,50.6,1.8,0.5,0.2
Tiruvannamalai ,Tamil Nadu,1109,99.0,98.5,70.7,50.2,11.6,99.1,97.1,3.6,30.6,25.0,12.6,64.7,56.6,8.0,4.3,0.6
Viluppuram ,Tamil Nadu,1120,99.7,98.4,68.6,45.7,19.0,99.1,88.5,19.8,23.9,20.5,17.2,73.4,62.5,14.7,8.8,3.7
Salem ,Tamil Nadu,1057,99.5,97.6,84.5,51.3,23.7,100.0,77.0,6.7,23.6,20.8,10.1,51.3,46.3,15.6,14.6,1.7
Namakkal ,Tamil Nadu,1142,99.2,99.5,89.7,55.7,14.2,100.0,83.9,12.9,25.2,15.7,9.4,67.9,51.9,1.7,1.0,0.0
Erode ,Tamil Nadu,1112,99.6,98.9,95.9,57.8,13.7,100.0,95.9,19.1,19.4,26.9,11.4,46.5,55.4,15.1,8.7,0.7
The Nilgiris ,Tamil Nadu,1093,98.6,96.4,81.5,63.4,11.1,100.0,90.1,18.8,26.7,23.2,10.8,45.9,44.2,23.2,12.3,1.2
Dindigul ,Tamil Nadu,1066,98.8,99.5,76.3,50.1,20.5,97.0,92.6,20.7,27.1,28.4,12.9,50.2,42.6,5.8,2.1,0.7
Karur ,Tamil Nadu,1154,98.7,99.4,72.5,51.2,13.3,100.0,82.5,13.3,33.6,36.3,17.9,73.2,65.0,12.1,5.8,0.2
Tiruchirappalli ,Tamil Nadu,1123,99.0,98.1,71.2,57.1,13.5,98.6,97.1,12.4,27.6,27.4,16.7,82.3,62.4,11.2,5.4,2.2
Perambalur ,Tamil Nadu,1210,99.1,100.0,75.1,49.0,21.4,100.0,92.5,12.6,29.1,22.3,18.0,69.2,66.1,17.2,10.3,3.3
Ariyalur ,Tamil Nadu,1143,98.2,93.2,46.7,50.7,12.4,100.0,90.8,11.7,25.3,20.1,15.6,62.0,62.4,5.6,4.3,0.4
Cuddalore ,Tamil Nadu,1062,99.2,99.5,75.6,50.1,12.6,99.2,79.0,23.2,20.2,18.0,14.8,64.8,58.6,7.1,4.6,0.6
Nagapattinam ,Tamil Nadu,1148,99.0,100.0,59.0,53.7,6.3,99.7,93.8,14.4,32.3,24.3,19.4,60.9,62.6,15.7,11.0,2.2
Thiruvarur ,Tamil Nadu,1131,98.6,100.0,58.9,57.5,9.1,100.0,97.1,18.7,19.8,21.5,15.4,45.0,58.2,17.7,10.4,0.7
Thanjavur ,Tamil Nadu,1112,98.8,99.7,69.4,54.3,4.1,100.0,78.5,18.2,19.6,21.9,12.7,64.8,59.0,9.0,4.5,2.2
Pudukkottai ,Tamil Nadu,1095,98.9,95.7,42.0,52.2,11.6,100.0,83.3,22.3,32.2,21.6,20.3,71.1,62.5,13.4,7.6,2.5
Sivaganga ,Tamil Nadu,1223,99.4,96.5,75.2,59.9,4.5,100.0,89.4,16.0,27.6,28.4,12.7,56.4,51.5,3.4,1.5,0.2
Madurai ,Tamil Nadu,1079,98.9,98.7,91.2,58.6,11.5,100.0,88.8,25.0,32.4,21.5,12.2,54.3,48.0,12.1,2.4,0.4
Theni ,Tamil Nadu,1168,99.4,99.9,89.9,56.9,16.0,100.0,95.2,17.3,20.2,18.8,10.3,46.8,41.2,9.1,4.9,0.5
Virudhunagar ,Tamil Nadu,1109,99.5,97.4,90.5,53.5,15.5,97.8,76.7,18.5,29.2,23.7,14.1,58.9,56.9,2.2,1.8,0.8
Ramanathapuram ,Tamil Nadu,1147,99.3,93.9,82.7,53.7,14.7,99.6,90.4,19.9,26.4,21.6,15.7,57.2,53.6,12.8,5.3,0.4
Thoothukkudi ,Tamil Nadu,1111,100.0,97.0,90.7,59.5,8.9,100.0,100.0,19.9,20.3,21.0,11.9,55.6,55.9,3.9,1.7,0.4
Tirunelveli ,Tamil Nadu,1109,99.5,98.1,87.9,54.2,10.7,100.0,93.3,8.7,29.4,22.7,13.5,49.9,51.0,18.9,5.5,0.2
Kanniyakumari ,Tamil Nadu,1121,99.8,98.2,74.4,77.1,4.3,100.0,96.0,22.1,17.3,14.5,5.9,39.1,45.6,13.1,3.9,0.8
Dharmapuri ,Tamil Nadu,1192,99.4,98.7,82.5,54.4,16.7,99.6,90.6,8.1,28.7,23.2,12.9,54.2,42.5,1.8,1.2,0.8
Krishnagiri ,Tamil Nadu,1053,99.2,99.8,86.0,53.9,20.3,99.6,87.3,7.1,29.0,19.3,11.7,46.5,44.0,0.9,0.4,0.6
Coimbatore ,Tamil Nadu,1061,99.4,99.9,95.5,62.8,19.8,100.0,94.5,11.6,23.0,18.5,10.1,37.8,48.9,13.3,8.4,1.1
Adilabad ,Telangana,992,99.2,95.7,81.6,41.0,21.4,94.1,69.3,9.6,45.7,52.0,26.9,76.3,61.1,5.3,0.2,0.6
Bhadradri Kothagudem ,Telangana,1082,99.4,99.1,89.2,41.8,20.8,97.4,80.4,12.4,28.4,25.3,14.9,69.3,68.7,3.4,0.0,3.2
Hyderabad ,Telangana,959,99.9,99.6,99.5,63.2,10.6,98.3,73.8,4.8,30.4,18.9,12.4,63.6,52.7,2.3,0.0,5.9
Jagitial ,Telangana,1219,99.3,97.3,94.7,43.5,28.4,94.4,77.7,13.6,29.9,32.3,22.5,59.9,56.3,6.7,1.0,3.4
Jangoan ,Telangana,1066,99.3,99.4,91.1,44.0,20.3,99.6,84.2,10.7,33.4,30.9,18.2,69.5,57.5,3.1,0.2,0.2
Jayashankar Bhupalapally ,Telangana,1079,99.3,95.1,90.3,36.3,24.9,99.5,87.9,12.6,32.5,36.7,17.7,67.9,65.9,7.3,0.8,4.9
Jogulamba Gadwal ,Telangana,1037,99.8,97.0,86.1,27.4,34.6,94.2,86.9,7.2,49.7,41.7,27.5,82.4,64.6,2.4,0.5,3.2
Kamareddy ,Telangana,1104,99.5,99.4,82.3,35.6,30.8,97.1,75.5,11.7,33.4,43.9,21.7,71.6,58.9,2.0,0.6,1.6
Karimnagar ,Telangana,1065,99.7,98.3,94.9,50.8,11.9,98.4,73.4,10.3,30.3,27.5,20.6,70.8,61.1,4.9,0.1,1.6
Khammam ,Telangana,1061,99.7,98.4,97.1,40.9,35.0,97.9,86.6,8.7,22.2,26.2,12.8,60.5,62.4,2.2,0.3,2.1
Komaram Bheem Asifabad ,Telangana,1024,97.8,93.6,85.8,28.7,25.0,82.0,76.2,9.4,38.1,41.1,25.7,70.7,67.3,0.9,0.3,1.2
Mahabubabad ,Telangana,1067,99.6,98.2,86.6,34.7,28.3,97.7,76.1,3.4,33.0,26.3,18.6,81.1,62.8,1.8,0.5,2.0
Mahabubnagar ,Telangana,1035,99.4,99.6,85.9,40.4,23.4,98.1,89.4,5.4,42.6,33.0,24.0,82.6,54.7,2.2,0.0,1.4
Mancherial ,Telangana,1065,99.6,95.6,93.1,48.8,14.0,90.1,76.0,5.9,25.9,27.4,21.9,58.7,56.7,1.8,0.2,1.9
Medak ,Telangana,1051,99.4,99.9,80.1,39.3,31.8,98.9,69.3,12.3,36.4,42.0,25.4,70.0,54.4,4.0,0.4,2.7
Medchal-Malkajgiri ,Telangana,996,100.0,99.9,99.0,59.3,10.2,98.3,76.1,10.9,33.4,25.0,15.2,73.8,56.8,0.5,0.2,0.7
Nagarkurnool ,Telangana,1066,99.9,99.6,87.3,36.0,32.1,98.0,81.1,5.4,35.1,30.9,19.1,75.1,54.0,2.0,0.2,2.6
Nalgonda ,Telangana,1017,99.9,99.2,94.6,40.9,28.2,98.3,78.3,7.1,31.7,28.0,15.5,74.5,54.3,4.6,0.2,1.4
Nirmal ,Telangana,1171,99.5,98.3,88.8,40.9,23.3,96.7,75.3,10.5,31.7,33.4,26.9,65.3,57.7,6.5,0.9,1.4
Nizamabad ,Telangana,1132,99.9,99.4,92.4,42.4,23.7,97.3,86.1,18.4,30.5,38.4,21.0,65.3,57.0,5.0,0.4,1.4
Peddapalli ,Telangana,1028,99.5,98.0,96.6,46.6,13.6,96.5,73.1,13.8,27.5,33.1,16.5,69.6,64.6,4.9,0.3,3.5
Rajanna Sircilla ,Telangana,1167,99.8,98.7,96.6,46.4,13.2,97.6,84.1,7.8,22.4,26.1,18.6,65.7,56.0,6.9,1.2,3.3
Ranga Reddy ,Telangana,1022,99.7,99.4,97.0,51.4,29.0,97.2,85.8,7.2,37.8,29.5,14.9,75.8,53.2,0.5,0.1,1.0
Sangareddy ,Telangana,1053,99.6,99.4,81.1,41.5,30.6,93.0,78.5,6.4,32.9,35.1,20.0,67.0,48.3,1.2,0.7,2.4
Siddipet ,Telangana,1062,99.5,97.2,93.2,51.3,19.0,99.7,63.1,14.1,28.1,29.6,17.9,63.5,56.7,5.1,1.0,3.5
Suryapet ,Telangana,1032,99.4,99.8,94.5,42.5,29.5,95.9,70.4,15.1,29.1,30.1,16.0,76.6,57.5,5.3,0.4,4.1
Vikarabad ,Telangana,998,99.1,99.7,76.0,38.3,39.8,95.0,86.2,11.1,32.1,37.1,25.6,70.0,61.0,2.8,0.1,0.6
Wanaparthy ,Telangana,1018,99.2,99.4,88.9,37.0,32.6,99.0,87.0,7.5,40.4,33.2,24.6,75.3,58.7,3.3,0.3,2.2
Warangal Rural ,Telangana,1070,99.7,99.0,87.8,40.0,22.9,100.0,79.0,5.1,36.1,37.9,22.6,71.5,59.3,5.5,1.1,3.8
Warangal Urban ,Telangana,1087,99.6,99.1,94.6,57.2,22.7,99.7,70.1,9.3,29.5,36.0,16.8,67.0,57.9,1.4,0.0,0.4
Yadadri Bhuvanagiri ,Telangana,1071,99.6,99.7,94.9,48.0,21.6,97.7,76.7,3.9,38.3,27.2,19.4,65.3,53.8,2.4,0.2,2.1
Dhalai ,Tripura,1034,97.7,70.3,34.0,13.9,38.9,87.3,73.7,14.3,45.7,27.6,15.9,81.2,70.0,0.6,0.4,0.5
Gomati ,Tripura,1011,98.8,87.7,47.7,22.8,42.8,93.2,67.1,12.6,22.7,29.0,14.1,70.7,62.3,0.7,0.4,1.2
Khowai ,Tripura,1059,99.0,83.2,41.5,18.9,28.3,95.7,60.7,12.9,47.0,24.7,18.7,73.4,63.7,0.2,0.0,0.0
North Tripura ,Tripura,1040,96.2,75.6,41.6,23.7,34.2,85.4,69.6,11.8,26.2,32.2,18.6,52.5,69.3,0.2,0.0,0.0
Sepahijala ,Tripura,1021,99.0,97.4,37.1,21.7,51.9,87.7,70.3,12.8,34.5,21.0,13.9,72.1,69.4,0.9,0.2,0.4
South Tripura ,Tripura,1054,95.9,90.5,29.4,21.6,46.2,89.7,48.5,9.9,25.5,21.6,16.8,59.6,66.5,1.4,0.5,1.8
Unakoti ,Tripura,1079,96.4,78.6,29.2,18.7,38.0,71.5,58.3,9.4,31.8,32.0,26.0,62.8,67.9,0.4,0.0,0.0
West Tripura ,Tripura,937,99.8,98.5,65.2,30.9,37.1,95.3,88.4,18.6,30.3,21.2,13.7,54.5,67.3,0.6,0.6,0.4
Saharanpur ,Uttar Pradesh,984,98.3,99.7,56.6,38.2,7.0,81.7,89.2,5.6,28.8,26.7,12.8,68.1,41.4,0.2,0.1,0.2
Bijnor ,Uttar Pradesh,1059,96.1,99.7,45.8,39.7,5.2,83.7,90.6,6.8,36.2,21.9,17.0,60.9,46.0,0.0,0.0,0.2
Rampur ,Uttar Pradesh,1022,96.2,100.0,46.2,26.9,10.5,81.0,79.4,6.9,40.4,32.1,13.6,69.6,55.4,0.4,0.2,0.4
Jyotiba Phule Nagar ,Uttar Pradesh,1001,96.4,99.7,45.4,35.4,11.6,81.1,72.9,16.8,42.2,35.4,16.0,69.6,47.6,0.0,0.2,0.2
Meerut ,Uttar Pradesh,967,98.6,99.7,68.5,47.3,7.6,80.6,82.5,8.7,32.1,23.7,12.8,55.2,45.5,0.2,0.0,0.0
Baghpat ,Uttar Pradesh,938,98.5,99.9,51.5,44.0,8.1,80.9,83.9,9.1,25.5,26.0,14.9,60.2,53.3,0.2,0.0,0.0
Gautam Buddha Nagar ,Uttar Pradesh,897,99.4,99.9,75.0,51.9,13.5,86.6,68.2,6.9,25.5,21.9,15.0,62.9,59.4,0.2,0.0,0.2
Bulandshahr ,Uttar Pradesh,979,96.3,100.0,48.4,37.8,12.8,83.5,67.3,8.9,37.6,26.5,15.8,64.1,52.0,0.0,0.2,0.0
Aligarh ,Uttar Pradesh,1031,95.3,100.0,51.4,37.5,15.8,82.6,70.1,9.9,35.0,26.3,18.6,62.6,56.5,0.2,0.4,0.0
Mahamaya Nagar ,Uttar Pradesh,1029,94.9,99.0,46.5,39.1,28.1,80.3,71.6,5.9,39.1,24.5,15.9,72.1,58.2,2.4,1.7,2.2
Mathura ,Uttar Pradesh,935,98.2,98.4,47.3,34.7,21.3,79.5,73.6,2.6,31.6,21.3,18.1,77.2,63.0,0.7,0.5,0.2
Agra ,Uttar Pradesh,952,99.1,99.8,67.5,36.1,17.9,89.1,74.1,10.6,35.9,26.2,15.4,73.0,59.4,0.3,0.3,0.4
Firozabad ,Uttar Pradesh,950,96.3,99.4,53.5,42.4,24.8,80.1,67.1,6.8,46.9,25.6,18.8,73.9,57.1,0.2,0.2,0.0
Mainpuri ,Uttar Pradesh,1016,95.2,99.6,39.8,45.8,16.0,82.7,75.0,10.1,44.3,33.6,15.3,70.4,57.8,1.0,0.4,0.0
Bareilly ,Uttar Pradesh,965,92.5,100.0,54.6,22.1,11.4,75.1,70.5,10.5,45.9,35.2,18.2,67.7,60.8,0.2,0.0,0.0
Pilibhit ,Uttar Pradesh,922,86.8,100.0,48.1,28.5,16.2,76.2,92.3,8.9,38.9,39.4,16.4,57.3,52.0,0.9,0.2,0.4
Shahjahanpur ,Uttar Pradesh,977,84.1,100.0,40.4,27.7,20.9,63.3,76.5,6.7,44.5,34.7,17.8,75.4,60.3,0.2,0.2,0.2
Kheri ,Uttar Pradesh,998,84.2,99.9,35.9,28.7,19.7,82.8,69.5,4.4,47.6,36.3,30.9,66.3,53.0,0.6,0.0,0.3
Sitapur ,Uttar Pradesh,970,68.4,99.7,31.5,23.9,20.8,84.8,65.9,4.1,47.8,37.9,30.1,66.4,55.3,3.8,0.2,0.4
Hardoi ,Uttar Pradesh,975,71.0,99.9,29.0,26.5,19.3,73.9,63.3,7.6,44.5,33.0,22.9,76.1,59.7,0.7,0.3,1.5
Unnao ,Uttar Pradesh,993,75.4,98.5,43.4,37.0,18.9,80.8,58.6,5.2,39.2,29.3,22.6,76.0,48.9,2.0,0.7,2.4
Lucknow ,Uttar Pradesh,950,96.8,99.8,78.3,51.9,9.9,91.3,68.9,2.3,32.1,25.5,15.7,52.9,55.8,1.1,0.0,0.4
Farrukhabad ,Uttar Pradesh,972,91.8,99.7,45.5,33.3,18.8,69.3,68.5,14.8,47.8,31.1,18.3,77.1,56.9,0.1,0.2,0.4
Kannauj ,Uttar Pradesh,1003,87.3,99.9,35.5,37.3,10.4,76.4,55.8,13.5,43.0,33.5,20.5,79.6,65.2,2.3,1.0,1.2
Etawah ,Uttar Pradesh,968,95.7,99.5,48.6,45.7,16.3,85.2,77.7,6.2,38.8,24.3,16.0,74.0,57.4,0.2,0.0,0.2
Auraiya ,Uttar Pradesh,1021,94.0,99.5,33.7,46.2,18.1,90.1,82.5,6.1,39.7,32.6,18.8,64.2,39.1,1.4,0.3,0.7
Kanpur Dehat ,Uttar Pradesh,974,79.8,99.4,39.3,45.4,12.7,84.3,56.3,5.4,44.1,32.8,17.1,69.2,54.9,0.6,0.0,0.6
Kanpur Nagar ,Uttar Pradesh,925,89.3,98.8,76.9,58.5,10.9,86.6,72.8,3.7,34.6,27.8,13.8,76.3,57.0,0.8,0.5,1.0
Jalaun ,Uttar Pradesh,937,96.9,99.0,36.5,38.9,16.9,85.1,66.2,2.8,45.1,36.1,22.2,55.2,44.2,1.4,0.0,0.0
Jhansi ,Uttar Pradesh,946,95.2,96.8,51.9,43.3,25.1,92.9,44.5,10.7,40.9,39.3,18.7,70.3,41.3,1.7,0.5,0.9
Lalitpur ,Uttar Pradesh,997,94.1,96.6,20.3,23.8,42.5,90.8,70.8,4.8,46.6,34.8,22.4,56.0,38.1,0.9,0.2,0.5
Hamirpur ,Uttar Pradesh,1003,94.6,99.4,29.0,37.6,10.5,96.3,77.1,5.8,48.0,36.3,22.5,68.5,46.1,2.8,0.2,0.5
Mahoba ,Uttar Pradesh,972,95.9,94.3,28.2,30.7,20.8,96.3,70.7,7.5,42.3,33.4,28.0,70.1,49.4,6.0,0.7,1.8
Banda ,Uttar Pradesh,956,89.2,98.2,26.8,27.1,19.0,89.8,62.9,9.5,51.0,49.8,25.7,82.2,52.2,3.6,1.4,1.7
Chitrakoot ,Uttar Pradesh,950,92.0,97.0,31.2,30.2,21.8,81.1,63.7,8.4,47.5,41.8,24.1,55.3,46.6,1.4,0.4,1.3
Fatehpur ,Uttar Pradesh,1035,76.8,98.8,38.9,37.3,10.4,81.4,55.7,3.5,51.1,38.0,24.7,78.1,63.0,1.9,1.1,1.5
Pratapgarh ,Uttar Pradesh,1229,92.5,97.8,37.1,49.7,11.0,90.8,75.0,4.2,35.5,27.7,19.6,58.0,48.9,0.0,0.0,0.2
Kaushambi ,Uttar Pradesh,1069,78.7,98.3,37.0,31.9,17.6,88.6,65.7,6.1,40.2,36.8,24.1,65.5,54.4,0.5,0.2,0.6
Allahabad ,Uttar Pradesh,1083,95.0,95.8,45.1,47.6,13.8,83.2,55.8,0.0,37.9,32.6,17.3,50.5,46.4,1.4,0.4,0.7
Bara Banki ,Uttar Pradesh,1074,74.8,98.8,47.8,29.5,20.4,76.0,64.4,6.7,41.9,31.9,26.0,65.5,55.3,1.3,0.0,1.2
Faizabad ,Uttar Pradesh,1049,90.3,100.0,41.3,49.0,7.6,89.1,68.7,2.9,30.6,27.5,20.0,57.7,52.3,0.0,0.0,0.2
Ambedkar Nagar ,Uttar Pradesh,1097,94.2,100.0,32.2,53.0,5.5,92.2,75.1,5.0,31.1,29.2,26.7,54.9,52.7,4.8,0.4,0.4
Bahraich ,Uttar Pradesh,1012,77.8,100.0,38.2,14.4,37.5,67.7,51.8,9.8,52.1,38.0,29.9,71.7,48.8,0.2,0.0,1.3
Shrawasti ,Uttar Pradesh,1037,73.7,99.3,36.9,15.9,51.9,80.4,59.6,3.4,50.9,40.8,22.8,61.2,44.4,1.2,0.4,0.6
Balrampur ,Uttar Pradesh,1075,78.4,99.8,39.6,16.8,35.0,69.7,57.4,6.9,41.2,37.2,22.2,75.4,53.7,3.0,0.5,1.6
Gonda ,Uttar Pradesh,1078,88.9,100.0,56.2,31.5,25.4,81.8,59.9,5.0,45.9,28.0,24.6,62.0,49.3,2.1,0.5,1.2
Siddharthnagar ,Uttar Pradesh,1177,90.7,99.9,50.6,17.0,33.9,69.7,65.1,3.5,37.2,36.3,25.8,75.8,51.2,2.3,0.4,0.2
Basti ,Uttar Pradesh,1098,94.6,100.0,57.0,40.9,15.9,93.2,73.8,5.7,35.9,39.2,20.0,58.4,39.9,3.0,0.5,0.0
Sant Kabir Nagar ,Uttar Pradesh,1185,94.0,99.9,58.1,34.8,16.8,90.6,80.2,7.5,42.3,34.2,19.3,71.6,43.5,0.8,0.3,0.2
Mahrajganj ,Uttar Pradesh,1116,94.8,100.0,65.1,33.8,24.1,93.3,76.2,8.0,40.5,37.4,17.9,60.5,47.1,0.7,0.3,0.3
Gorakhpur ,Uttar Pradesh,1089,94.9,99.8,66.8,42.8,14.6,91.6,67.7,2.3,29.6,33.7,18.0,67.4,52.9,1.8,1.3,0.9
Kushinagar ,Uttar Pradesh,1145,91.5,100.0,55.2,34.1,17.7,89.4,65.4,3.0,32.2,36.6,19.0,52.8,42.3,3.0,0.3,0.3
Deoria ,Uttar Pradesh,1046,95.3,99.8,67.2,50.4,13.7,93.4,64.2,2.7,36.8,39.4,16.8,54.9,33.8,6.8,0.8,0.5
Azamgarh ,Uttar Pradesh,1141,96.5,100.0,37.6,52.6,12.0,93.2,64.5,0.0,33.4,28.0,22.1,58.9,54.3,4.6,1.5,0.6
Mau ,Uttar Pradesh,989,94.2,99.8,54.2,53.1,11.0,94.7,59.1,3.2,25.4,30.3,16.5,62.7,44.3,3.7,1.0,1.2
Ballia ,Uttar Pradesh,1009,89.1,99.8,53.8,50.1,9.9,90.0,62.2,0.9,43.8,42.5,16.8,71.6,52.2,0.9,0.4,0.7
Jaunpur ,Uttar Pradesh,1066,98.2,99.1,55.2,52.7,11.8,88.8,75.1,5.7,40.5,30.3,17.5,65.3,34.0,4.2,0.0,0.1
Ghazipur ,Uttar Pradesh,1053,91.8,99.3,39.3,51.4,13.5,88.3,60.8,4.4,39.3,38.3,19.4,71.6,45.7,1.3,0.1,0.2
Chandauli ,Uttar Pradesh,986,91.9,97.5,42.3,47.2,17.2,86.2,70.6,3.5,39.5,29.9,21.4,64.6,48.7,4.2,0.8,0.6
Varanasi ,Uttar Pradesh,951,97.2,98.4,71.5,55.0,10.4,95.2,79.3,5.8,37.4,39.0,15.7,65.2,37.6,3.4,0.9,1.6
Sant Ravidas Nagar (Bhadohi) ,Uttar Pradesh,1082,96.5,96.7,39.9,46.5,19.6,90.3,62.2,2.9,42.7,26.5,15.8,59.2,43.8,1.8,0.0,0.6
Mirzapur ,Uttar Pradesh,1003,92.7,96.9,42.5,43.8,16.6,91.1,68.3,4.6,43.4,27.6,20.9,59.8,42.1,3.3,0.2,0.8
Sonbhadra ,Uttar Pradesh,995,82.9,89.6,30.4,35.7,17.7,76.8,72.7,2.5,38.3,46.5,20.9,63.0,44.5,2.8,0.0,0.2
Etah ,Uttar Pradesh,1047,88.0,99.8,39.6,38.8,20.1,76.7,55.5,5.0,48.8,30.6,18.7,77.4,55.4,0.7,0.3,0.0
Kanshiram Nagar ,Uttar Pradesh,1040,87.2,99.4,36.6,29.7,23.2,74.8,69.2,5.6,45.1,35.5,17.7,80.8,64.6,0.6,0.2,0.2
Amethi ,Uttar Pradesh,1170,92.3,98.7,26.4,34.6,14.9,90.8,75.9,5.7,35.8,33.1,21.0,52.4,46.1,1.5,0.2,0.4
Budaun ,Uttar Pradesh,933,80.7,99.8,39.8,21.6,22.9,72.3,69.5,8.6,51.8,43.0,19.4,72.2,55.3,0.7,0.4,0.2
Ghaziabad ,Uttar Pradesh,930,99.9,99.1,92.4,55.2,8.0,86.4,68.5,6.0,28.2,23.4,11.1,61.8,55.2,0.7,0.0,0.9
Hapur ,Uttar Pradesh,917,98.8,99.9,68.0,43.5,7.1,83.3,84.4,10.9,30.2,26.9,9.4,69.4,50.6,0.4,0.1,0.3
Moradabad ,Uttar Pradesh,1002,96.0,99.8,58.3,42.6,9.6,80.3,84.5,12.9,34.7,27.0,13.4,67.6,44.9,0.8,0.8,0.4
Muzaffarnagar ,Uttar Pradesh,957,97.8,99.9,59.8,41.8,7.3,87.0,69.5,16.1,29.8,29.9,11.1,65.4,46.0,0.2,0.2,0.2
Rae Bareli ,Uttar Pradesh,1102,88.9,98.1,39.4,36.1,14.3,89.5,71.4,3.4,47.0,28.8,18.5,76.4,48.2,1.4,0.2,0.7
Sambhal ,Uttar Pradesh,1019,91.9,100.0,38.2,24.1,21.1,74.2,83.0,5.6,51.6,29.8,16.1,69.8,51.3,0.0,0.0,0.2
Shamli ,Uttar Pradesh,989,98.7,99.9,53.6,32.6,10.8,78.3,91.1,1.8,28.6,27.5,9.8,65.2,41.7,0.4,0.2,0.2
Sultanpur ,Uttar Pradesh,1151,94.3,99.5,33.7,46.6,7.9,87.0,80.2,4.4,33.4,28.3,20.8,62.3,50.2,4.3,1.8,1.7
Uttarkashi ,Uttarakhand,1024,99.6,96.1,32.6,53.6,5.7,85.9,81.8,7.6,34.1,23.5,12.9,73.6,60.9,0.1,0.1,0.8
Chamoli ,Uttarakhand,1087,99.5,94.4,37.4,59.0,3.4,73.9,85.0,10.3,34.1,21.6,9.6,65.5,41.8,0.0,0.0,0.6
Rudraprayag ,Uttarakhand,1242,99.5,93.9,35.1,56.4,8.6,86.6,91.4,10.8,25.2,10.9,8.8,52.4,40.6,0.0,0.0,0.2
Tehri Garhwal ,Uttarakhand,1236,99.9,84.1,34.9,50.8,6.3,82.2,83.0,1.5,29.3,20.7,12.7,61.7,42.2,0.0,0.0,0.0
Dehradun ,Uttarakhand,915,99.7,99.0,88.8,62.6,6.6,91.7,76.0,13.3,20.9,19.1,13.1,59.5,47.9,0.2,0.0,0.0
Garhwal ,Uttarakhand,1166,99.4,83.5,48.1,56.2,8.6,76.0,76.0,12.1,30.0,18.8,16.1,57.2,40.3,0.1,0.0,0.0
Pithoragarh ,Uttarakhand,1043,99.6,90.9,45.9,55.5,16.2,84.9,96.0,16.9,25.6,20.6,11.5,36.2,25.5,0.5,0.0,0.0
Bageshwar ,Uttarakhand,1174,99.8,92.0,34.6,52.2,12.9,82.0,86.9,7.2,23.6,11.9,17.2,43.7,27.8,0.0,0.0,0.0
Almora ,Uttarakhand,1331,99.9,93.3,35.9,48.0,1.5,80.1,85.1,18.1,26.0,22.9,15.6,57.7,33.4,0.0,0.7,0.4
Champawat ,Uttarakhand,1112,99.6,95.4,39.8,51.0,11.7,79.8,91.9,9.0,24.9,15.3,14.6,43.1,32.5,1.2,0.5,0.0
Nainital ,Uttarakhand,1014,99.1,93.0,71.6,55.2,11.3,81.2,74.1,19.2,23.2,14.8,12.7,59.8,34.5,0.0,0.2,0.0
Udham Singh Nagar ,Uttarakhand,957,99.6,99.9,64.0,41.1,14.6,85.1,83.2,9.7,26.8,22.0,14.1,60.8,51.0,0.5,0.0,0.6
Hardwar ,Uttarakhand,946,99.7,99.6,61.5,40.3,9.9,79.8,76.5,15.5,31.1,27.0,15.9,63.1,43.8,1.3,0.5,0.9
Darjiling ,West Bengal,1029,98.2,90.8,68.8,41.3,21.2,98.4,94.2,29.4,34.3,31.6,11.8,68.1,59.2,0.5,0.3,0.2
Jalpaiguri ,West Bengal,1038,97.4,95.2,42.7,33.9,18.7,95.8,87.9,28.5,28.9,25.4,15.8,67.4,71.4,0.0,0.0,0.0
Koch Bihar ,West Bengal,1058,98.2,99.3,25.7,26.7,46.7,93.0,94.2,23.2,28.7,22.5,18.1,66.4,74.8,0.4,0.2,0.2
Uttar Dinajpur ,West Bengal,1093,96.9,99.8,27.2,29.3,30.3,76.9,84.4,20.4,44.8,32.0,16.5,77.2,72.4,0.0,0.0,0.0
Dakshin Dinajpur ,West Bengal,1106,96.5,99.7,28.7,30.5,45.6,91.4,92.6,34.2,31.9,30.2,14.9,72.5,82.0,0.5,0.2,0.2
Maldah ,West Bengal,1062,98.1,99.0,29.6,30.0,49.1,87.7,87.2,24.2,40.5,35.3,15.7,71.0,73.6,0.2,0.0,0.2
Murshidabad ,West Bengal,1103,96.7,99.1,30.7,24.2,55.4,87.0,90.0,7.8,39.8,32.4,19.9,72.1,77.6,0.3,0.3,0.2
Birbhum ,West Bengal,1033,97.8,99.4,28.1,25.8,49.9,90.3,81.6,24.6,37.0,41.8,20.5,76.5,77.7,0.2,0.2,0.0
Nadia ,West Bengal,1071,98.2,98.2,34.2,28.3,39.9,97.7,89.9,17.8,26.1,25.1,8.3,63.6,73.4,0.2,0.0,0.0
North Twenty Four Pargana ,West Bengal,1013,99.5,99.5,58.9,40.7,33.6,97.5,92.8,25.5,32.4,23.6,6.5,57.9,65.3,0.2,0.2,0.2
Hugli ,West Bengal,1082,98.4,98.1,54.6,37.0,40.8,97.0,95.4,25.3,28.9,33.4,14.1,67.9,75.1,0.3,0.4,0.6
Bankura ,West Bengal,1053,92.3,96.3,20.8,27.9,45.7,93.3,85.0,23.8,30.3,38.8,28.0,67.1,77.0,0.4,0.2,0.0
Puruliya ,West Bengal,1065,88.6,87.6,23.2,26.9,37.0,89.8,84.7,24.6,36.9,46.3,33.7,77.9,76.7,0.4,0.2,0.2
Haora ,West Bengal,1011,99.0,99.5,61.9,40.1,30.4,95.5,87.8,20.6,27.5,27.3,10.3,67.7,65.3,0.3,0.0,0.1
Kolkata ,West Bengal,954,99.6,99.3,91.7,55.4,16.7,97.5,80.2,31.6,29.6,32.9,6.6,72.3,58.2,0.0,0.0,0.0
South Twenty Four Pargana ,West Bengal,1055,99.2,100.0,36.2,34.9,41.9,91.0,91.7,27.6,36.7,32.2,9.9,70.4,61.6,0.0,0.0,0.2
Paschim Medinipur ,West Bengal,1089,95.4,95.5,17.5,26.2,55.7,87.6,76.9,21.8,31.1,40.0,18.9,66.0,81.5,0.0,0.0,0.0
Purba Medinipur ,West Bengal,1031,99.0,87.8,17.0,30.9,57.6,91.5,88.4,20.9,25.8,30.6,16.5,67.5,70.4,0.0,0.2,0.5
Paschim Barddhaman ,West Bengal,977,97.0,95.2,56.3,37.1,31.8,89.8,62.4,31.1,39.7,41.0,18.4,74.7,65.8,0.7,1.3,0.4
